interface_id,firewall_id,vdom_id,interface_name,ip_address,mask,type,vlan_id,description,status,physical_interface_name,last_updated
73,1,4,mgrx-int,172.16.253.1,29,interface,2601," mgrx-int",,,2025-06-19 10:16:35.285797
74,1,4,mgrx-ext,172.16.253.9,29,interface,2602," mgrx-ext",,,2025-06-19 10:16:35.285797
75,1,6,mweb-wap-int,192.168.101.125,28,interface,3349,,,,2025-06-19 10:16:35.285797
76,1,6,mweb-bberry,172.16.253.41,29,interface,2607,,,,2025-06-19 10:16:35.285797
77,1,4,mgrx-s6a-int,172.16.253.49,29,interface,2606," mgrx-s6a-int",,,2025-06-19 10:16:35.285797
78,1,6,mweb-sigtran,172.16.253.25,29,interface,2608," mweb-sigtran",,,2025-06-19 10:16:35.285797
79,1,6,mweb-ntp-int,192.168.100.190,28,interface,3385,,,,2025-06-19 10:16:35.285797
80,1,5,mli-x-int,172.27.3.158,27,interface,3050,mli-x-int,,,2025-06-19 10:16:35.285797
81,1,5,mli-hi-int,172.27.3.225,27,interface,3038,mli-hi-int,,,2025-06-19 10:16:35.285797
82,1,5,mli-broad-soft,192.168.195.103,24,interface,3470,eco-drive-test,,,2025-06-19 10:16:35.285797
83,1,5,mli-lemf-int,192.168.225.254,24,interface,2609,ELAN 1273100053,,,2025-06-19 10:16:35.285797
84,1,5,mli-msc-int,180.143.17.254,24,interface,2610,ELAN 1273100278,,,2025-06-19 10:16:35.285797
85,1,4,mgrx-s6a-ext,172.16.253.17,29,interface,2603,s6- traffic-external-partners,,,2025-06-19 10:16:35.285797
86,1,6,mweb-alumdmt,172.27.38.1,26,interface,3093,mweb-alumdmt,,,2025-06-19 10:16:35.285797
87,1,6,mweb-alumdm,172.27.38.65,26,interface,3094,mweb-alumdm,,,2025-06-19 10:16:35.285797
88,1,6,mweb-alumdmdb,172.27.38.129,26,interface,3095,mweb-alumdmdb,,,2025-06-19 10:16:35.285797
89,1,6,mweb-dt-int,172.30.2.174,29,interface,3115,mweb-dt-int,,,2025-06-19 10:16:35.285797
90,1,6,mweb-apnwap-int,172.16.253.89,29,interface,2612,mweb-apnwap-int,,,2025-06-19 10:16:35.285797
91,1,6,mweb-apnmms-int,172.16.253.97,29,interface,2613,mweb-apnmms-int,,,2025-06-19 10:16:35.285797
92,1,5,mli-mx-int,192.168.108.1,24,interface,2615," mli-mx-int-Elan-1283104880",,,2025-06-19 10:16:35.285797
93,1,6,mweb-afginet,172.16.253.121,29,interface,2620,mweb-afginet,,,2025-06-19 10:16:35.285797
94,1,6,dns-mobilefe,172.16.253.137,29,interface,3118,dns-mobilefe,,,2025-06-19 10:16:35.285797
95,1,6,eco-drive-test,172.27.45.33,28,interface,3202,eco-drive-test,,,2025-06-19 10:16:35.285797
96,1,6,eco-drive-prod,172.27.45.1,28,interface,3203,eco-drive-prod,,,2025-06-19 10:16:35.285797
97,1,6,mweb-cmamms,172.27.52.65,27,interface,3654,ZTE_CMA_PROD_MMS_Service,,,2025-06-19 10:16:35.285797
98,1,6,mweb-cmawap,172.27.52.129,27,interface,3655,ZTE_CMA_PROD_WAP_Service,,,2025-06-19 10:16:35.285797
99,1,6,mweb-cmatwap,172.27.55.129,27,interface,3675,ZTE_CMA_TEST_WAP_Service,,,2025-06-19 10:16:35.285797
100,1,6,mweb-cmatmms,172.27.55.65,27,interface,3674,ZTE_CMA_TEST_MMS_Service,,,2025-06-19 10:16:35.285797
101,1,5,P2P_Mobile_Host,172.30.2.242,29,interface,3190,P2P_Mobile_Hosting,,,2025-06-19 10:16:35.285797
102,1,5,mli-ptech-ix,172.16.7.91,29,interface,3146,,,,2025-06-19 10:16:35.285797
103,1,7,ptech_ix_1,100.68.64.193,29,interface,641,,,,2025-06-19 10:16:35.285797
104,1,7,ptech_ix_2,100.68.64.201,29,interface,642,,,,2025-06-19 10:16:35.285797
105,1,3,t_non3gpp1,100.68.143.193,29,interface,2724,To mob_t_pcore_non3gpp DCG,,,2025-06-19 10:16:35.285797
106,1,3,t_non3gpp2,100.68.143.201,29,interface,2725,To mob_t_non3gpp DCK,,,2025-06-19 10:16:35.285797
107,1,4,p_pcore_dns_ex1,100.68.38.193,29,interface,384,,,,2025-06-19 10:16:35.285797
108,1,4,p_pcore_dns_ex2,100.68.38.201,29,interface,385,,,,2025-06-19 10:16:35.285797
109,1,6,mweb-dtag,195.46.228.17,32,loopback,,None,,,2025-06-19 10:16:35.285797
110,1,4,mgrx-lo1,195.46.227.71,32,loopback,,None,,,2025-06-19 10:16:35.285797
111,1,4,mgrx-lo2,195.46.227.109,32,loopback,,None,,,2025-06-19 10:16:35.285797
112,1,6,mweb-mypost,195.46.228.18,32,loopback,,None,,,2025-06-19 10:16:35.285797
113,1,6,mweb-rim-ebrc,213.166.61.110,32,loopback,,None,,,2025-06-19 10:16:35.285797
114,9,11,mgt-scan,172.30.2.25,29,interface,3164,,,,2025-06-19 10:16:35.285797
115,12,13,mgt-bras,172.16.255.33,28,interface,2803,,,,2025-06-19 10:16:35.285797
116,12,13,mgt-bng,192.168.107.253,24,interface,2818,Assyst Ticket: 220504,,,2025-06-19 10:16:35.285797
117,12,13,mgt-bngbkp,192.168.109.253,24,interface,2819,E-LAN 1273100294/1283104952,,,2025-06-19 10:16:35.285797
118,12,13,mgt-ciminkofe,172.27.5.1,25,interface,3311,,,,2025-06-19 10:16:35.285797
119,12,13,mgt-accs,172.27.11.253,24,interface,3061,Assyst Ticket: 220504,,,2025-06-19 10:16:35.285797
120,12,13,mgt-accsdb,172.27.20.253,24,interface,3071,Assyst Ticket: 220504,,,2025-06-19 10:16:35.285797
121,12,13,mgt-dtint,172.30.2.22,29,interface,3105,,,,2025-06-19 10:16:35.285797
122,12,13,mgt-aps-prod,172.27.23.1,26,interface,3077,,,,2025-06-19 10:16:35.285797
123,12,13,mgt-aps-test,172.27.23.65,26,interface,3078,,,,2025-06-19 10:16:35.285797
124,12,13,mgt-aps-dev,172.27.23.129,26,interface,3079,,,,2025-06-19 10:16:35.285797
125,12,13,mgt-alu-hdm-t,172.27.37.1,26,interface,3090,,,,2025-06-19 10:16:35.285797
126,12,13,mgt-alu-hdm,172.27.37.65,26,interface,3091,,,,2025-06-19 10:16:35.285797
127,12,13,mgt-alu-hdm-db,172.27.37.129,26,interface,3092,,,,2025-06-19 10:16:35.285797
128,12,13,mgt-mli-x,172.27.3.139,27,interface,3050,,,,2025-06-19 10:16:35.285797
129,12,13,mgt-dmz-data,192.168.8.1,24,interface,3325,20161124 Migration from IP380,,,2025-06-19 10:16:35.285797
130,12,13,mgt-dmz-cop-p,192.168.104.1,26,interface,3535,,,,2025-06-19 10:16:35.285797
131,12,13,mgt-dmz-cop-u,192.168.104.65,26,interface,3538,,,,2025-06-19 10:16:35.285797
132,12,13,mgt-scan1,172.30.2.30,29,interface,3164,,,,2025-06-19 10:16:35.285797
133,12,13,mgt-ptech-ix,172.16.7.83,29,interface,3145,,,,2025-06-19 10:16:35.285797
134,12,13,mgt-brasbkp,172.16.254.33,28,interface,2804,,,,2025-06-19 10:16:35.285797
135,14,16,p2p_nce-mgmt,172.16.96.170,30,interface,405,,,,2025-06-19 10:16:35.285797
136,14,16,p2p_nce-nb,172.16.96.162,30,interface,411,,,,2025-06-19 10:16:35.285797
137,14,16,p2p_nce-sb,172.16.96.166,30,interface,413,,,,2025-06-19 10:16:35.285797
138,14,15,p2p_vrf-tpfs,172.16.7.42,30,interface,3008,,,,2025-06-19 10:16:35.285797
139,14,16,p2p_nce-liv-sb,172.16.80.6,30,interface,4012,,,,2025-06-19 10:16:35.285797
140,14,16,p2p_nce-liv-mgt,172.16.80.10,30,interface,4005,,,,2025-06-19 10:16:35.285797
141,14,16,p2p_nce-liv-nb,172.16.80.2,30,interface,4011,,,,2025-06-19 10:16:35.285797
142,14,15,p2p_f_nce-nb,172.16.80.25,30,interface,421,,,,2025-06-19 10:16:35.285797
143,14,15,p2p_f_nce-mgmt,172.16.80.33,30,interface,425,,,,2025-06-19 10:16:35.285797
144,14,15,p2p_f_nce-sb,172.16.80.29,30,interface,422,,,,2025-06-19 10:16:35.285797
145,14,16,p2p_otn_nce_tra,172.16.80.26,30,interface,4081,,,,2025-06-19 10:16:35.285797
146,14,15,p2p_fnce-liv-nb,172.16.80.13,30,interface,4021,,,,2025-06-19 10:16:35.285797
147,14,15,p2p_fnce-liv-sb,172.16.80.17,30,interface,4022,,,,2025-06-19 10:16:35.285797
148,14,15,p2p_fnce-livmgt,172.16.80.21,30,interface,4025,,,,2025-06-19 10:16:35.285797
149,14,16,p2p_vrf-tpms,172.16.7.34,30,interface,3005,,,,2025-06-19 10:16:35.285797
150,14,16,p2p_otn_tpcar,172.16.81.222,30,interface,4080,,,,2025-06-19 10:16:35.285797
151,17,19,p2p_nce-mgmt,172.16.96.182,30,interface,405,,,,2025-06-19 10:16:35.285797
152,17,19,p2p_nce-nb,172.16.96.174,30,interface,411,,,,2025-06-19 10:16:35.285797
153,17,19,p2p_nce-sb,172.16.96.178,30,interface,413,,,,2025-06-19 10:16:35.285797
154,17,18,p2p_vrf-tpfs,172.16.7.46,30,interface,3009,,,,2025-06-19 10:16:35.285797
155,17,19,p2p_nce-liv-sb,172.16.80.18,30,interface,4012,,,,2025-06-19 10:16:35.285797
156,17,19,p2p_nce-liv-nb,172.16.80.14,30,interface,4011,,,,2025-06-19 10:16:35.285797
157,17,19,p2p_nce-liv-mgt,172.16.80.22,30,interface,4005,,,,2025-06-19 10:16:35.285797
158,17,18,p2p_f_nce-nb,172.16.80.41,30,interface,421,,,,2025-06-19 10:16:35.285797
159,17,18,p2p_f_nce-mgmt,172.16.80.37,30,interface,425,,,,2025-06-19 10:16:35.285797
160,17,18,p2p_f_nce-sb,172.16.80.45,30,interface,422,,,,2025-06-19 10:16:35.285797
161,17,19,p2p_otn_nce_tra,172.16.80.30,30,interface,4081,,,,2025-06-19 10:16:35.285797
162,17,18,p2p_fnce-liv-nb,172.16.80.1,30,interface,4021,,,,2025-06-19 10:16:35.285797
163,17,18,p2p_fnce-liv-sb,172.16.80.5,30,interface,4022,,,,2025-06-19 10:16:35.285797
164,17,18,p2p_fnce-livmgt,172.16.80.9,30,interface,4025,,,,2025-06-19 10:16:35.285797
165,17,19,p2p_vrf-tpms,172.16.7.38,30,interface,3006,,,,2025-06-19 10:16:35.285797
166,17,19,p2p_otn_tpcar,172.16.81.226,30,interface,4080,,,,2025-06-19 10:16:35.285797
167,20,27,evr-alpha0,78.141.187.73,29,interface,2667,,,,2025-06-19 10:16:35.285797
168,20,22,evr-alpha1,78.141.187.78,29,interface,2667,,,,2025-06-19 10:16:35.285797
169,20,27,evr-ingm0,78.141.187.33,28,interface,2664,,,,2025-06-19 10:16:35.285797
170,20,32,evr-ingm1,78.141.187.46,28,interface,2664,,,,2025-06-19 10:16:35.285797
171,20,27,evr-mail0,78.141.187.9,29,interface,2662,,,,2025-06-19 10:16:35.285797
172,20,38,evr-mail1,78.141.187.14,29,interface,2662,,,,2025-06-19 10:16:35.285797
173,20,27,evr-shd0,78.141.187.1,29,interface,2660,,,,2025-06-19 10:16:35.285797
174,20,45,evr-shd1,78.141.187.6,29,interface,2660,,,,2025-06-19 10:16:35.285797
175,20,27,evr-vew0,78.141.187.105,30,interface,2659,,,,2025-06-19 10:16:35.285797
176,20,48,evr-vew1,78.141.187.106,30,interface,2659,,,,2025-06-19 10:16:35.285797
177,20,27,evr-3play0,78.141.187.113,29,interface,2657,,,,2025-06-19 10:16:35.285797
178,20,21,evr-3play1,78.141.187.118,29,interface,2657,,,,2025-06-19 10:16:35.285797
179,20,27,evr-iptv0,78.141.187.145,28,interface,2654,,,,2025-06-19 10:16:35.285797
180,20,36,evr-iptv1,78.141.187.158,28,interface,2654,,,,2025-06-19 10:16:35.285797
181,20,27,evr-iptvpro0,37.157.154.201,30,interface,2671,,,,2025-06-19 10:16:35.285797
182,20,37,evr-iptvpro1,37.157.154.202,30,interface,2671,,,,2025-06-19 10:16:35.285797
183,20,27,evr-dis0,78.141.187.137,29,interface,2673,,,,2025-06-19 10:16:35.285797
184,20,24,evr-dis1,78.141.187.142,29,interface,2673,,,,2025-06-19 10:16:35.285797
185,20,27,evr-ketter0,78.141.187.133,30,interface,2676,,,,2025-06-19 10:16:35.285797
186,20,27,evr-mst0,37.157.154.73,29,interface,2687,,,,2025-06-19 10:16:35.285797
187,20,41,evr-mst1,37.157.154.78,29,interface,2687,,,,2025-06-19 10:16:35.285797
188,20,27,evr-faav0,78.141.187.65,29,interface,2690,,,,2025-06-19 10:16:35.285797
189,20,29,evr-faav1,78.141.187.70,29,interface,2690,,,,2025-06-19 10:16:35.285797
190,20,45,fgt-shd-int,172.16.254.1,29,interface,2703,,,,2025-06-19 10:16:35.285797
191,20,38,mail-ironport,192.168.117.1,24,interface,3351,,,,2025-06-19 10:16:35.285797
192,20,38,mail-ngm,192.168.114.241,24,interface,3341,,,,2025-06-19 10:16:35.285797
193,20,32,ingm-frontend,192.168.118.129,25,interface,3353,,,,2025-06-19 10:16:35.285797
194,20,21,3p-voipdhcp,192.168.150.254,24,interface,3474,,,,2025-06-19 10:16:35.285797
195,20,38,mail-ingm,192.168.118.126,25,interface,3354,,,,2025-06-19 10:16:35.285797
196,20,22,alpha-lo1,10.0.0.1,24,interface,2,,,,2025-06-19 10:16:35.285797
197,20,30,fil-cipt,192.168.18.251,24,interface,2784,,,,2025-06-19 10:16:35.285797
198,20,48,fgt-vew-int,172.16.254.25,29,interface,2704,,,,2025-06-19 10:16:35.285797
199,20,30,fil-vo,172.40.1.97,28,interface,2782,,,,2025-06-19 10:16:35.285797
200,20,30,fil-editus,172.40.1.113,28,interface,2783,,,,2025-06-19 10:16:35.285797
201,20,30,fil-ebrc,192.168.99.1,28,interface,2781,,,,2025-06-19 10:16:35.285797
202,20,30,fil-netcore,172.40.1.81,28,interface,2780,,,,2025-06-19 10:16:35.285797
203,20,30,fil-dt,172.30.1.94,28,interface,3051,,,,2025-06-19 10:16:35.285797
204,20,36,iptv-netgem,192.168.238.1,24,interface,3501,,,,2025-06-19 10:16:35.285797
205,20,25,dt-ext-dmz,172.20.22.101,24,interface,900,,,,2025-06-19 10:16:35.285797
206,20,21,3p-voiptmgt,192.168.191.1,24,interface,3467,,,,2025-06-19 10:16:35.285797
207,20,21,3p-voiptdmz,192.168.194.1,24,interface,3469,,,,2025-06-19 10:16:35.285797
208,20,21,3p-accesstest,192.168.148.254,24,interface,3475,,,,2025-06-19 10:16:35.285797
209,20,21,3p-waniptv,213.166.34.94,28,interface,2728,,,,2025-06-19 10:16:35.285797
210,20,35,int-iptvsondes,192.168.99.17,28,interface,3500,,,,2025-06-19 10:16:35.285797
211,20,21,3p-voipdmz,192.168.197.1,24,interface,3472,,,,2025-06-19 10:16:35.285797
212,20,21,3p-voipmgt,192.168.195.1,24,interface,3470,,,,2025-06-19 10:16:35.285797
213,20,21,3p-wanvoip,213.166.61.30,29,interface,2718,,,,2025-06-19 10:16:35.285797
214,20,37,iptvpro-wan1,172.16.254.49,29,interface,2726,,,,2025-06-19 10:16:35.285797
215,20,24,dis-zithasr,192.168.112.1,24,interface,2786,,,,2025-06-19 10:16:35.285797
216,20,35,int-dt,172.30.1.150,29,interface,3104,,,,2025-06-19 10:16:35.285797
217,20,35,int-smp,192.168.102.49,29,interface,3378,,,,2025-06-19 10:16:35.285797
218,20,30,fil-luxgsm,172.40.1.129,27,interface,2785,,,,2025-06-19 10:16:35.285797
219,20,35,int-smpold,195.46.240.254,28,interface,901,,,,2025-06-19 10:16:35.285797
220,20,41,mst-vrf,213.166.34.6,29,interface,2015,,,,2025-06-19 10:16:35.285797
221,20,35,int-circl,192.168.99.254,28,interface,3332,,,,2025-06-19 10:16:35.285797
222,20,31,headend-dtint,172.30.11.254,24,interface,3106,,,,2025-06-19 10:16:35.285797
223,20,31,headend-tdf,172.16.2.14,28,interface,2734,,,,2025-06-19 10:16:35.285797
224,20,29,faav-wan1,172.16.3.1,29,interface,2717,,,,2025-06-19 10:16:35.285797
225,20,38,mail-cipt,172.16.4.97,28,interface,2738,,,,2025-06-19 10:16:35.285797
226,20,24,dis-oldlady,192.168.113.1,24,interface,2737,,,,2025-06-19 10:16:35.285797
227,20,41,mst-wan1,192.168.0.250,16,interface,2733,,,,2025-06-19 10:16:35.285797
228,20,35,int-vod3g,192.168.100.17,28,interface,3302,,,,2025-06-19 10:16:35.285797
229,20,27,evr-lab,37.157.154.153,29,interface,903,,,,2025-06-19 10:16:35.285797
230,20,43,ptc-post,172.30.13.254,24,interface,2746,,,,2025-06-19 10:16:35.285797
231,20,24,dis-wgs,192.168.178.1,24,interface,2749,,,,2025-06-19 10:16:35.285797
232,20,21,3p-vas-gui,192.168.101.225,28,interface,3477,,,,2025-06-19 10:16:35.285797
233,20,21,3p-vas-gui-test,192.168.101.241,28,interface,3479,,,,2025-06-19 10:16:35.285797
234,20,21,3p-vas-engine,192.168.101.129,27,interface,3478,,,,2025-06-19 10:16:35.285797
235,20,21,3p-vas-engine-t,192.168.101.161,27,interface,3480,,,,2025-06-19 10:16:35.285797
236,20,24,dis-centrex,213.166.34.38,28,interface,2750,,,,2025-06-19 10:16:35.285797
237,20,35,int-bookingmgr,192.168.100.81,28,interface,3382,,,,2025-06-19 10:16:35.285797
238,20,25,dt-bp,172.20.28.1,24,interface,904,,,,2025-06-19 10:16:35.285797
239,20,36,iptv-wan1,213.166.34.38,29,interface,2751,,,,2025-06-19 10:16:35.285797
240,20,35,int-resolver,192.168.99.33,28,interface,3383,,,,2025-06-19 10:16:35.285797
241,20,38,mail-fortimail,192.168.111.4,24,interface,3329,,,,2025-06-19 10:16:35.285797
242,20,40,mobileiron-vrf,213.166.34.6,29,interface,2052,,,,2025-06-19 10:16:35.285797
243,20,40,evrit-mdm1,1.1.1.2,29,interface,2643,,,,2025-06-19 10:16:35.285797
244,20,28,evrit-mdm0,1.1.1.1,29,interface,2643,,,,2025-06-19 10:16:35.285797
245,20,28,evrit-ext,10.74.0.1,24,interface,2754,,,,2025-06-19 10:16:35.285797
246,20,28,evrit-ptc0,1.1.1.9,29,interface,2642,,,,2025-06-19 10:16:35.285797
247,20,43,evrit-ptc1,1.1.1.10,29,interface,2642,,,,2025-06-19 10:16:35.285797
248,20,36,iptv-ott,192.168.239.1,24,interface,3387,,,,2025-06-19 10:16:35.285797
249,20,23,cse-prod-vrf,213.166.34.6,29,interface,2059,,,,2025-06-19 10:16:35.285797
250,20,27,evr-cse-test0,37.157.155.193,29,interface,2637,,,,2025-06-19 10:16:35.285797
251,20,27,evr-cse-prod0,37.157.155.201,29,interface,2636,,,,2025-06-19 10:16:35.285797
252,20,23,evr-cse-prod1,37.157.155.206,29,interface,2636,,,,2025-06-19 10:16:35.285797
253,20,27,evr-mobileiron0,37.157.155.113,29,interface,2647,,,,2025-06-19 10:16:35.285797
254,20,40,evr-mobileiron1,37.157.155.118,29,interface,2647,,,,2025-06-19 10:16:35.285797
255,20,21,3p-wanisam,37.157.152.134,29,interface,2720,,,,2025-06-19 10:16:35.285797
256,20,39,evr-mcr1,37.157.156.54,29,interface,2627,,,,2025-06-19 10:16:35.285797
257,20,39,mcr-p2p-dtint,172.30.2.182,29,interface,3117,,,,2025-06-19 10:16:35.285797
258,20,27,evr-mcr0,37.157.156.49,29,interface,2627,,,,2025-06-19 10:16:35.285797
259,20,39,mcr-be,172.27.44.65,26,interface,3632,,,,2025-06-19 10:16:35.285797
260,20,39,mcr-fe,172.27.44.1,27,interface,3631,,,,2025-06-19 10:16:35.285797
261,20,35,int-envox,192.168.101.110,28,interface,3367,,,,2025-06-19 10:16:35.285797
262,20,39,mcr-fileserver,172.27.44.33,28,interface,3636,,,,2025-06-19 10:16:35.285797
263,20,21,3p-p2p-dtint,172.30.1.190,29,interface,3122,p2p vers vrf ptech,,,2025-06-19 10:16:35.285797
264,20,36,iptv-alia,192.168.240.1,24,interface,3386,,,,2025-06-19 10:16:35.285797
265,20,35,int-vs-iaas,172.30.1.225,29,interface,3130,,,,2025-06-19 10:16:35.285797
266,20,44,evr-sdwan1,37.157.156.150,29,interface,2624,,,,2025-06-19 10:16:35.285797
267,20,27,evr-sdwan0,37.157.156.145,29,interface,2624,,,,2025-06-19 10:16:35.285797
268,20,44,sdwan-cplane,172.27.66.14,28,interface,3132,,,,2025-06-19 10:16:35.285797
269,20,44,sdwan-p2p-dtint,172.30.2.198,29,interface,3131,,,,2025-06-19 10:16:35.285797
270,20,44,sdwan-vbond,37.157.156.158,29,interface,3133,SDWAN Vbond,,,2025-06-19 10:16:35.285797
271,20,44,sdwan-vrf,213.166.34.38,29,interface,2761,,,,2025-06-19 10:16:35.285797
272,20,26,P2P_VRF_PTECH2,172.30.2.209,29,interface,3001,,,,2025-06-19 10:16:35.285797
273,20,26,P2P_VRF_IAAS2,172.29.0.81,29,interface,4011,,,,2025-06-19 10:16:35.285797
274,20,26,syslog,172.29.224.1,26,interface,3543,,,,2025-06-19 10:16:35.285797
275,20,26,monitor,172.29.225.1,26,interface,3544,,,,2025-06-19 10:16:35.285797
276,20,27,evr-int_nsx-pp0,37.157.156.169,29,interface,2623,,,,2025-06-19 10:16:35.285797
277,20,33,evr-int_nsx-pp1,37.157.156.174,29,interface,2623,,,,2025-06-19 10:16:35.285797
278,20,33,int_nsx-pp-vrf,213.166.34.6,29,interface,1979,,,,2025-06-19 10:16:35.285797
279,20,26,P2P_VRF_MGMT,172.29.0.89,29,interface,4013,,,,2025-06-19 10:16:35.285797
280,20,47,evr-tids1,37.157.156.206,29,interface,2634,,,,2025-06-19 10:16:35.285797
281,20,27,evr-tids0,37.157.156.201,29,interface,2634,,,,2025-06-19 10:16:35.285797
282,20,47,tids-wan1,213.166.34.38,29,interface,2779,,,,2025-06-19 10:16:35.285797
283,20,47,tids-vrf,213.166.34.6,29,interface,2079,,,,2025-06-19 10:16:35.285797
284,20,21,3p-f5,192.168.111.1,24,interface,3485,,,,2025-06-19 10:16:35.285797
285,20,35,int-billofq,192.168.101.17,29,interface,3350,RITM0051157,,,2025-06-19 10:16:35.285797
286,20,27,evr-vpc35-0,37.157.156.217,29,interface,2635,,,,2025-06-19 10:16:35.285797
287,20,34,evr-vpc35-1,37.157.156.222,29,interface,2635,,,,2025-06-19 10:16:35.285797
288,20,34,vpc35-vrf,213.166.34.6,29,interface,2035,,,,2025-06-19 10:16:35.285797
289,20,36,iptv-front,192.168.247.1,24,interface,3399,IRITM0057016,,,2025-06-19 10:16:35.285797
290,20,27,evr-splunk-soc0,37.157.155.209,29,interface,2682,,,,2025-06-19 10:16:35.285797
291,20,46,splunk-soc-vrf,213.166.34.6,29,interface,2085,,,,2025-06-19 10:16:35.285797
292,20,46,evr-splunk-soc,37.157.155.214,29,interface,2682,,,,2025-06-19 10:16:35.285797
293,20,46,evrit-splunk1,1.1.1.18,29,interface,2644,,,,2025-06-19 10:16:35.285797
294,20,28,evrit-splunk0,1.1.1.17,29,interface,2644,,,,2025-06-19 10:16:35.285797
295,20,42,P2P_ptech_psim,172.16.7.78,29,interface,3140,p2p_ptech_psim,,,2025-06-19 10:16:35.285797
296,20,42,3p-psimdmz,192.168.227.1,27,interface,4022,PSIM servers,,,2025-06-19 10:16:35.285797
297,20,35,int-learn,172.30.8.1,24,interface,3430,,,,2025-06-19 10:16:35.285797
298,20,42,dgvideo,192.200.71.250,24,interface,2722,DG Video cameras don\'t have default gateway : NAT is required,,,2025-06-19 10:16:35.285797
299,20,42,p2p_alarmis,10.2.1.1,28,interface,2787,,,,2025-06-19 10:16:35.285797
300,20,35,dmz_bittium,192.168.229.1,28,interface,4023,,,,2025-06-19 10:16:35.285797
301,20,26,ict_nessus,172.27.66.33,27,interface,3546,,,,2025-06-19 10:16:35.285797
302,20,26,digora_monitor,172.27.67.1,28,interface,3381,,,,2025-06-19 10:16:35.285797
303,20,40,mobileiron-wan,213.166.34.38,29,interface,2793,,,,2025-06-19 10:16:35.285797
304,20,22,alpha-lo2,192.168.90.254,32,loopback,,None,,,2025-06-19 10:16:35.285797
305,49,51,caasdev-vrf,213.166.34.6,29,interface,2065,,,,2025-06-19 10:16:35.285797
306,49,51,evr-caasdev1,37.157.154.62,29,interface,2633,,,,2025-06-19 10:16:35.285797
307,49,54,evr-snch0,37.157.156.17,29,interface,2630,,,,2025-06-19 10:16:35.285797
308,49,54,evr-caasdev0,37.157.154.57,29,interface,2633,,,,2025-06-19 10:16:35.285797
309,49,54,evr-ala0,78.141.187.97,29,interface,2668,,,,2025-06-19 10:16:35.285797
310,49,54,evr-b2hub0,78.141.187.57,29,interface,2666,,,,2025-06-19 10:16:35.285797
311,49,54,evr-netcore0,78.141.187.161,28,interface,2653,,,,2025-06-19 10:16:35.285797
312,49,54,evr-eurofoi0,78.141.187.217,29,interface,2678,,,,2025-06-19 10:16:35.285797
313,49,54,evr-efg0,37.157.154.33,29,interface,2691,,,,2025-06-19 10:16:35.285797
314,49,54,evr-cloudbizz0,37.157.154.209,28,interface,2695,,,,2025-06-19 10:16:35.285797
315,49,54,evr-massena0,37.157.154.193,29,interface,2696,,,,2025-06-19 10:16:35.285797
316,49,54,evr-castegnaro0,37.157.154.233,29,interface,2697,,,,2025-06-19 10:16:35.285797
317,49,54,evr-flashiz0,37.157.154.249,29,interface,2699,,,,2025-06-19 10:16:35.285797
318,49,54,evr-natixis0,37.157.155.89,29,interface,2648,,,,2025-06-19 10:16:35.285797
319,49,54,evr-infocrise0,37.157.155.121,29,interface,2646,,,,2025-06-19 10:16:35.285797
320,49,54,evr-iclux0,37.157.155.145,29,interface,2645,,,,2025-06-19 10:16:35.285797
321,49,54,evr-oda0,37.157.155.177,29,interface,2639,,,,2025-06-19 10:16:35.285797
322,49,54,evr-ittm0,37.157.155.185,29,interface,2638,,,,2025-06-19 10:16:35.285797
323,49,54,evr-kpmg0,37.157.155.241,29,interface,2632,,,,2025-06-19 10:16:35.285797
324,49,52,castgnaro-vrf,213.166.34.6,29,interface,2039,,,,2025-06-19 10:16:35.285797
325,49,52,evr-castegnaro1,37.157.154.238,29,interface,2697,,,,2025-06-19 10:16:35.285797
326,49,52,castegnaro-wan1,213.166.34.38,29,interface,2752,IPVPN 1271100307 / 1281103862 / SAM 30625,,,2025-06-19 10:16:35.285797
327,49,53,evr-eurofoi1,78.141.187.222,29,interface,2678,,,,2025-06-19 10:16:35.285797
328,49,53,eurofoil-wan1,172.30.255.249,29,interface,2729,IPVPN 1271100223 Site 1281103098,,,2025-06-19 10:16:35.285797
329,49,53,eurofoil-vrf,213.166.34.6,29,interface,2005,,,,2025-06-19 10:16:35.285797
330,49,56,luxith-vrf,213.166.34.6,29,interface,2025,,,,2025-06-19 10:16:35.285797
331,49,56,luxith-wan1,213.166.34.38,29,interface,2739,,,,2025-06-19 10:16:35.285797
332,49,57,evr-netcore1,78.141.187.174,28,interface,2653,,,,2025-06-19 10:16:35.285797
333,49,57,netcore-vrf,213.166.34.6,29,interface,2021,,,,2025-06-19 10:16:35.285797
334,49,54,evr-luxair0,37.157.156.57,29,interface,2626,,,,2025-06-19 10:16:35.285797
335,49,54,evr-luxplan0,37.157.156.25,29,interface,2629,,,,2025-06-19 10:16:35.285797
336,49,54,evr-onecloud0,37.157.155.129,28,interface,2644,,,,2025-06-19 10:16:35.285797
337,49,54,evr-pandom0,37.157.154.41,29,interface,2681,,,,2025-06-19 10:16:35.285797
338,49,54,evr-roamsys0,37.157.154.97,28,interface,2684,,,,2025-06-19 10:16:35.285797
339,49,54,evr-seezam0,78.141.187.185,29,interface,2670,,,,2025-06-19 10:16:35.285797
340,49,54,evr-showrom0,37.157.154.81,28,interface,2661,,,,2025-06-19 10:16:35.285797
341,49,54,evr-tdo0,37.157.154.129,28,interface,2689,,,,2025-06-19 10:16:35.285797
342,49,54,evr-vincotte0,37.157.154.177,28,interface,2694,,,,2025-06-19 10:16:35.285797
343,49,60,evr-showrom1,37.157.154.94,28,interface,2661,,,,2025-06-19 10:16:35.285797
344,49,60,showroom-vrf,213.166.34.6,29,interface,2012,,,,2025-06-19 10:16:35.285797
345,49,60,showroom-wan1,213.166.34.38,29,interface,2742,,,,2025-06-19 10:16:35.285797
346,49,62,evr-tdo1,37.157.154.142,28,interface,2689,,,,2025-06-19 10:16:35.285797
347,49,62,tdo-vrf,213.166.34.6,29,interface,2019,,,,2025-06-19 10:16:35.285797
348,49,62,tdo-wan1,213.166.34.38,29,interface,2736,,,,2025-06-19 10:16:35.285797
349,49,55,healthnet-vrf,213.166.34.6,29,interface,2074,,,,2025-06-19 10:16:35.285797
350,49,55,healthnet-wan1,172.16.2.166,29,interface,2709,IPVPN 1271100019/1281105138 SAM 30835,,,2025-06-19 10:16:35.285797
351,49,61,sigi-vrf,213.166.34.6,29,interface,2007,,,,2025-06-19 10:16:35.285797
352,49,61,evr-sigi1,37.157.154.70,29,interface,2683,,,,2025-06-19 10:16:35.285797
353,49,54,evr-sigi0,37.157.154.65,29,interface,2683,,,,2025-06-19 10:16:35.285797
354,49,54,evr-bradesco0,37.157.154.169,29,interface,2625,,,,2025-06-19 10:16:35.285797
355,49,61,sigi-3rdparty,172.16.2.101,29,interface,2764,,,,2025-06-19 10:16:35.285797
356,49,61,sigi-hub,172.16.2.109,29,interface,2763,,,,2025-06-19 10:16:35.285797
357,49,50,arendt-wan1,213.166.34.38,29,interface,2765,,,,2025-06-19 10:16:35.285797
358,49,50,arendt-azure1,172.19.0.1,30,interface,2766,,,,2025-06-19 10:16:35.285797
359,49,50,arendt-azure2,172.19.0.5,30,interface,2767,,,,2025-06-19 10:16:35.285797
360,49,59,rgbackup-vrf,213.166.34.6,29,interface,2057,,,,2025-06-19 10:16:35.285797
361,49,54,evr-revantage0,37.157.156.233,29,interface,2620,,,,2025-06-19 10:16:35.285797
362,63,70,evr-intel0,146.0.212.17,29,interface,102,,,,2025-06-19 10:16:35.285797
363,63,72,evr-intel1,146.0.212.22,29,interface,102,,,,2025-06-19 10:16:35.285797
364,63,72,intel-wan1,213.166.34.54,29,interface,2762,IPVPN 1271100363/1281104479 SAM 30704,,,2025-06-19 10:16:35.285797
365,63,76,newline-wan1,213.166.34.38,29,interface,2764,IPVPN 1271100409,,,2025-06-19 10:16:35.285797
366,63,70,evr-newline0,146.0.212.33,29,interface,104,,,,2025-06-19 10:16:35.285797
367,63,76,evr-newline1,146.0.212.38,29,interface,104,,,,2025-06-19 10:16:35.285797
368,63,79,psa-hub,213.166.34.54,29,interface,2765,IPVPN 1271100110/1281104349 SAM 30695,,,2025-06-19 10:16:35.285797
369,63,79,psa-vsgsm,172.30.17.14,28,interface,3107,,,,2025-06-19 10:16:35.285797
370,63,70,evr-tns0,146.0.212.41,29,interface,105,,,,2025-06-19 10:16:35.285797
371,63,83,evr-tns1,146.0.212.46,29,interface,105,,,,2025-06-19 10:16:35.285797
372,63,70,evr-shared0,146.0.212.97,27,interface,110,,,,2025-06-19 10:16:35.285797
373,63,80,evr-shared1,146.0.212.126,27,interface,110,,,,2025-06-19 10:16:35.285797
374,63,80,shared-wan1,213.166.34.38,29,interface,2750,IPVPN 1271100420 / 1281105294 / SAM 30853,,,2025-06-19 10:16:35.285797
375,63,79,psa-dns,192.168.101.78,28,interface,3359,,,,2025-06-19 10:16:35.285797
376,63,79,psa-apn,172.16.1.30,28,interface,2766,IPVPN 1271100306/1281103860 SAM 30629,,,2025-06-19 10:16:35.285797
377,63,83,tns-wan1,213.166.34.38,29,interface,2767,IPVPN 1271100417 / 1281105266 / SAM 30855,,,2025-06-19 10:16:35.285797
378,63,70,evr-electris0,146.0.212.49,29,interface,106,,,,2025-06-19 10:16:35.285797
379,63,69,evr-electris1,146.0.212.54,29,interface,106,,,,2025-06-19 10:16:35.285797
380,63,69,electris-wan1,213.166.34.38,29,interface,2768,IPVPN 1281105373 - SAM 30857,,,2025-06-19 10:16:35.285797
381,63,70,evr-nuvolinq0,146.0.212.65,28,interface,107,,,,2025-06-19 10:16:35.285797
382,63,77,evr-nuvolinq1,146.0.212.78,28,interface,107,,,,2025-06-19 10:16:35.285797
383,63,77,nuvolinq-wan1,213.166.34.38,29,interface,2769,IPNetwork1271100442,,,2025-06-19 10:16:35.285797
384,63,70,evr-clever0,146.0.212.57,29,interface,108,,,,2025-06-19 10:16:35.285797
385,63,67,evr-clever1,146.0.212.62,29,interface,108,,,,2025-06-19 10:16:35.285797
386,63,67,clever-wan1,213.166.34.38,29,interface,2770,IPNetwork1271100447,,,2025-06-19 10:16:35.285797
387,63,70,evr-actoll0,146.0.212.81,29,interface,109,,,,2025-06-19 10:16:35.285797
388,63,64,evr-actoll1,146.0.212.86,29,interface,109,,,,2025-06-19 10:16:35.285797
389,63,70,evr-hymes0,146.0.212.129,29,interface,111,,,,2025-06-19 10:16:35.285797
390,63,71,evr-hymes1,146.0.212.134,29,interface,111,,,,2025-06-19 10:16:35.285797
391,63,64,actoll-wan1,213.166.34.38,29,interface,2771,,,,2025-06-19 10:16:35.285797
392,63,71,hymes-wan1,213.166.34.38,29,interface,2772,1271100450,,,2025-06-19 10:16:35.285797
393,63,81,shared3a-wan1,213.166.34.38,29,interface,2773,1281105940,,,2025-06-19 10:16:35.285797
394,63,81,evr-shared3a1,146.0.212.142,29,interface,112,,,,2025-06-19 10:16:35.285797
395,63,70,evr-shared3a0,146.0.212.137,29,interface,112,,,,2025-06-19 10:16:35.285797
396,63,70,evr-betterbell0,146.0.212.145,29,interface,113,,,,2025-06-19 10:16:35.285797
397,63,65,evr-betterbell1,146.0.212.150,29,interface,113,,,,2025-06-19 10:16:35.285797
398,63,73,jdemars-wan1,213.166.34.38,29,interface,2775,,,,2025-06-19 10:16:35.285797
399,63,70,evr-jdemars0,146.0.212.153,29,interface,114,,,,2025-06-19 10:16:35.285797
400,63,73,evr-jdemars1,146.0.212.158,29,interface,114,,,,2025-06-19 10:16:35.285797
401,63,85,evr-wsimlink1,146.0.212.166,29,interface,117,,,,2025-06-19 10:16:35.285797
402,63,70,evr-wsimlink0,146.0.212.161,29,interface,117,,,,2025-06-19 10:16:35.285797
403,63,85,wsim-link-wan1,213.166.34.38,29,interface,2776,1271100488 - VPLS 30913,,,2025-06-19 10:16:35.285797
404,63,66,bst-wan1,213.166.34.38,29,interface,2778,,,,2025-06-19 10:16:35.285797
405,63,70,evr-bst0,146.0.212.169,29,interface,118,,,,2025-06-19 10:16:35.285797
406,63,66,evr-bst1,146.0.212.174,29,interface,118,,,,2025-06-19 10:16:35.285797
407,63,70,evr-corpuls0,146.0.212.177,29,interface,119,,,,2025-06-19 10:16:35.285797
408,63,68,evr-corpuls1,146.0.212.182,29,interface,119,,,,2025-06-19 10:16:35.285797
409,63,78,pfreundt-wan1,213.166.34.38,29,interface,2777,,,,2025-06-19 10:16:35.285797
410,63,70,evr-pfreundt0,146.0.212.185,29,interface,120,,,,2025-06-19 10:16:35.285797
411,63,78,evr-pfreundt1,146.0.212.190,29,interface,120,,,,2025-06-19 10:16:35.285797
412,63,82,evr-sodex,146.0.212.94,29,interface,115,,,,2025-06-19 10:16:35.285797
413,63,70,evr-sodex0,146.0.212.89,29,interface,115,,,,2025-06-19 10:16:35.285797
414,63,86,wsim-vpn-wan1,213.166.34.38,29,interface,2782,,,,2025-06-19 10:16:35.285797
415,63,70,evr-wsim-vpn0,146.0.212.193,29,interface,121,,,,2025-06-19 10:16:35.285797
416,63,86,evr-wsim-vpn1,146.0.212.198,29,interface,121,,,,2025-06-19 10:16:35.285797
417,63,70,evr-lite0,146.0.212.201,29,interface,122,,,,2025-06-19 10:16:35.285797
418,63,74,evr-lite1,146.0.212.206,29,interface,122,,,,2025-06-19 10:16:35.285797
419,63,74,lite-wan1,213.166.34.38,29,interface,2783,,,,2025-06-19 10:16:35.285797
420,63,87,sono-wan1,213.166.34.38,29,interface,2784,IRITM0116792,,,2025-06-19 10:16:35.285797
421,63,87,evr-sono1,146.0.212.214,29,interface,454,,,,2025-06-19 10:16:35.285797
422,63,70,evr-sono0,146.0.212.209,29,interface,454,,,,2025-06-19 10:16:35.285797
423,63,72,intel-lo1,10.42.243.10,32,loopback,,None,,,2025-06-19 10:16:35.285797
424,88,90,corp-lb-fe,192.168.121.65,26,interface,3389,,,,2025-06-19 10:16:35.285797
425,88,91,corp-lb-be,192.168.123.65,26,interface,3393,,,,2025-06-19 10:16:35.285797
426,88,90,res-lb-fe,192.168.121.1,26,interface,3388,,,,2025-06-19 10:16:35.285797
427,88,89,res-lb-be,192.168.123.1,26,interface,3392,,,,2025-06-19 10:16:35.285797
428,88,89,ngm-backend,192.168.114.254,24,interface,3341,,,,2025-06-19 10:16:35.285797
429,88,89,ngm-frontend,192.168.113.252,24,interface,3340,,,,2025-06-19 10:16:35.285797
430,88,89,hostpack,192.168.20.250,24,interface,3300,,,,2025-06-19 10:16:35.285797
431,88,90,external,78.141.176.230,29,interface,1701,"124313330038,124313330039",,,2025-06-19 10:16:35.285797
432,88,90,cipt-ldap,172.16.4.98,28,interface,2738,Cust_EPTIN.DT.LDAP-1283100988,,,2025-06-19 10:16:35.285797
433,88,88,dns-wan1,185.9.247.1,28,interface,2741,ELAN 1273100316 - 1283105335 - SAM 30741,,,2025-06-19 10:16:35.285797
434,88,88,dns-dtint,172.30.1.198,29,interface,3123,,,,2025-06-19 10:16:35.285797
435,88,90,ntp-fe,192.168.121.129,26,interface,3394,f5 dmz,,,2025-06-19 10:16:35.285797
436,88,90,ngm-lb-fe,192.168.112.241,28,interface,3118,,,,2025-06-19 10:16:35.285797
437,88,90,eltrona-mail,192.168.112.225,28,interface,2787,ipvpn-40586 - 1271100408,,,2025-06-19 10:16:35.285797
438,88,90,P2P_Hosting_Mob,172.30.2.241,29,interface,3190,P2P_Mobile_Hosting,,,2025-06-19 10:16:35.285797
439,93,93,dt-internal,172.30.17.62,27,interface,3116,P2P to dtinternal,,,2025-06-19 10:16:35.285797
440,93,96,evr-cloud1-ext1,192.168.86.134,30,interface,2700,,,,2025-06-19 10:16:35.285797
441,93,96,evr-cloud1-ext2,192.168.86.138,30,interface,2701,,,,2025-06-19 10:16:35.285797
442,93,93,dmz900,172.20.22.100,24,interface,900,,,,2025-06-19 10:16:35.285797
443,93,93,aps-wan1,185.9.246.4,29,interface,2702,APS IPVPN,,,2025-06-19 10:16:35.285797
444,93,95,evr-lab1-ext1,192.168.87.85,30,interface,2700,,,,2025-06-19 10:16:35.285797
445,93,95,evr-lab1-ext2,192.168.87.89,30,interface,2701,,,,2025-06-19 10:16:35.285797
446,93,94,hwei-atic-ext1,185.9.247.34,30,interface,2703,,,,2025-06-19 10:16:35.285797
447,93,94,hwei-atic-ext2,185.9.247.38,30,interface,2704,,,,2025-06-19 10:16:35.285797
448,93,93,management_oob,172.16.254.57,29,interface,2780,,,,2025-06-19 10:16:35.285797
449,99,101,alarmis-net,132.147.160.91,24,interface,3305,,,,2025-06-19 10:16:35.285797
450,99,101,alarmis-server,192.168.198.3,24,interface,3307,,,,2025-06-19 10:16:35.285797
451,99,101,alarmis-presta,172.40.1.52,28,interface,918,,,,2025-06-19 10:16:35.285797
452,99,101,alarmis-receiv,192.168.199.3,24,interface,3306,,,,2025-06-19 10:16:35.285797
453,99,101,alarmis-ipvpn,172.40.1.21,30,interface,914,,,,2025-06-19 10:16:35.285797
454,99,101,alarmis-vr,10.100.20.3,24,interface,3333,,,,2025-06-19 10:16:35.285797
455,99,101,alarmis-hosts,192.168.200.3,24,interface,3308,,,,2025-06-19 10:16:35.285797
456,99,101,p2p-dtinternal,172.30.1.125,29,interface,3101,,,,2025-06-19 10:16:35.285797
457,99,102,evr-alarmis0,195.46.228.198,27,interface,100,,,,2025-06-19 10:16:35.285797
458,99,101,evr-alarmis1,195.46.228.197,27,interface,100,,,,2025-06-19 10:16:35.285797
459,99,102,evr-cloud1-ext1,78.141.183.42,30,interface,2700,,,,2025-06-19 10:16:35.285797
460,99,102,evr-cloud1-ext2,78.141.184.178,30,interface,2701,,,,2025-06-19 10:16:35.285797
461,99,101,alarmis-snmc,10.1.1.33,29,interface,890,VPLS 30568 1273100317/1283105384,,,2025-06-19 10:16:35.285797
462,99,101,alarmis-show,172.30.2.233,29,interface,3310,IP Network 127100439/1281105525,,,2025-06-19 10:16:35.285797
463,99,101,alarmis-vrbkp,10.100.21.3,24,interface,3334,,,,2025-06-19 10:16:35.285797
464,99,101,Eltrona,172.31.0.94,29,interface,931,CTASK0012109,,,2025-06-19 10:16:35.285797
465,99,101,Securitas,172.31.0.6,29,interface,920,CTASK0012109 IMB,,,2025-06-19 10:16:35.285797
466,99,101,BEI,172.31.0.14,29,interface,921,CTASK0012109 IMB,,,2025-06-19 10:16:35.285797
467,99,101,Seris-Security,172.31.0.38,29,interface,924,CTASK0012109 IMB,,,2025-06-19 10:16:35.285797
468,99,101,Brinks,172.31.0.22,29,interface,922,,,,2025-06-19 10:16:35.285797
469,99,101,Police,172.31.0.30,29,interface,923,,,,2025-06-19 10:16:35.285797
470,99,101,Commission-euro,172.31.0.54,29,interface,926,,,,2025-06-19 10:16:35.285797
471,99,101,Post-Lux,172.31.0.86,29,interface,930,,,,2025-06-19 10:16:35.285797
472,99,101,Dussmann,172.31.0.62,29,interface,927,,,,2025-06-19 10:16:35.285797
473,99,101,G4S,172.31.0.70,29,interface,928,,,,2025-06-19 10:16:35.285797
474,99,101,CGDIS,172.31.0.78,29,interface,929,,,,2025-06-19 10:16:35.285797
475,99,101,BCEE,172.31.0.46,29,interface,925,,,,2025-06-19 10:16:35.285797
476,103,105,evr-dp0,194.154.210.89,29,interface,100,,,,2025-06-19 10:16:35.285797
477,103,104,evr-dp1,194.154.210.94,29,interface,100,,,,2025-06-19 10:16:35.285797
478,103,104,cipt,172.16.5.57,29,interface,845,,,,2025-06-19 10:16:35.285797
479,103,104,magui-ilpost,172.30.1.1,29,interface,849,,,,2025-06-19 10:16:35.285797
480,103,104,keba-kepol,10.150.144.65,26,interface,979,,,,2025-06-19 10:16:35.285797
481,103,104,cda-test,10.180.6.1,24,interface,3512,,,,2025-06-19 10:16:35.285797
482,103,104,cda-prod,10.180.5.1,24,interface,3513,,,,2025-06-19 10:16:35.285797
483,103,104,aboware-prod,10.180.41.1,24,interface,3515,,,,2025-06-19 10:16:35.285797
484,103,104,aboware-test,10.180.42.1,24,interface,3516,,,,2025-06-19 10:16:35.285797
485,103,104,P10-P11,10.140.16.1,24,interface,3502,,,,2025-06-19 10:16:35.285797
486,103,104,routesmart-test,10.180.9.1,24,interface,3517,,,,2025-06-19 10:16:35.285797
487,103,104,keba-mgt,10.150.144.1,29,interface,3509,,,,2025-06-19 10:16:35.285797
488,103,104,keba-staging,10.150.144.17,29,interface,3510,,,,2025-06-19 10:16:35.285797
489,103,104,keba-live,10.150.144.25,29,interface,3511,,,,2025-06-19 10:16:35.285797
490,103,104,routesmart-prod,10.180.7.1,24,interface,3514,,,,2025-06-19 10:16:35.285797
491,103,104,apn-scanner,172.30.1.9,29,interface,850,1271100219/1281105145,,,2025-06-19 10:16:35.285797
492,103,104,ctb-vdl,10.180.3.1,24,interface,3501,,,,2025-06-19 10:16:35.285797
493,103,104,ctb-siemens,10.180.1.1,24,interface,3504,,,,2025-06-19 10:16:35.285797
494,103,104,ctb-ilpost,10.180.4.1,24,interface,3505,,,,2025-06-19 10:16:35.285797
495,103,104,remoteaccess,172.16.5.30,28,interface,815,,,,2025-06-19 10:16:35.285797
496,103,104,ctb-boewe,10.180.2.1,24,interface,3502,,,,2025-06-19 10:16:35.285797
497,103,104,ctb-boewe-srv,10.180.10.1,24,interface,3503,BOEWE  (Bettembourg site ),,,2025-06-19 10:16:35.285797
498,106,113,lag2.3244,10.11.55.70,29,interface,3244,,,,2025-06-19 10:16:35.285797
499,106,109,lag2.3245,10.11.62.1,27,interface,3245,,,,2025-06-19 10:16:35.285797
500,106,110,lag2.3247,10.11.62.97,27,interface,3247,,,,2025-06-19 10:16:35.285797
501,106,110,lag2.3246,10.11.62.65,28,interface,3246,,,,2025-06-19 10:16:35.285797
502,106,110,lag2.3248,10.11.62.129,28,interface,3248,,,,2025-06-19 10:16:35.285797
503,106,110,lag2.3249,10.11.62.161,28,interface,3249,,,,2025-06-19 10:16:35.285797
504,106,110,lag2.3250,10.11.62.193,28,interface,3250,,,,2025-06-19 10:16:35.285797
505,106,112,looback-vpn,78.141.180.192,32,loopback,,None,,,2025-06-19 10:16:35.285797
506,116,120,ebrc-mgt,10.11.1.30,29,interface,2700,,,,2025-06-19 10:16:35.285797
507,116,118,ivl-int-mgt0,10.11.55.41,29,interface,106,,,,2025-06-19 10:16:35.285797
508,116,120,ivl-int-mgt1,10.11.55.46,29,interface,106,,,,2025-06-19 10:16:35.285797
509,116,118,ivl-int-preprd0,10.11.55.9,29,interface,102,,,,2025-06-19 10:16:35.285797
510,116,121,ivl-int-preprd1,10.11.55.14,29,interface,102,,,,2025-06-19 10:16:35.285797
511,116,118,ebrc-prod,10.11.1.22,29,interface,2701,,,,2025-06-19 10:16:35.285797
512,116,120,lag2.3211,10.11.4.1,24,interface,3211,Net-1522-MNGT-EBRC,,,2025-06-19 10:16:35.285797
513,116,120,lag2.3212,10.11.5.1,24,interface,3212,Net-1522-PTECH-MNGT,,,2025-06-19 10:16:35.285797
514,116,120,lag2.3213,10.11.6.1,24,interface,3213,Net-1522-Vmware-ovm,,,2025-06-19 10:16:35.285797
515,116,121,lag2.3230,10.11.12.1,24,interface,3230,Net-1522-Pre-Prod-Common,,,2025-06-19 10:16:35.285797
516,116,121,lag2.3231,10.11.13.1,27,interface,3231,Net-1522-Pre-Prod-Stat,,,2025-06-19 10:16:35.285797
517,116,121,lag2.3232,10.11.14.1,27,interface,3232,Net-1522-Pre-Prod-UIP,,,2025-06-19 10:16:35.285797
518,116,121,lag2.3233,10.11.14.33,27,interface,3233,Net-1522-Pre-Prod-SSO,,,2025-06-19 10:16:35.285797
519,116,121,lag2.3234,10.11.14.65,27,interface,3234,Net-1522-Pre-Prod-CRM,,,2025-06-19 10:16:35.285797
520,116,116,ivl-root-mgt0,10.11.55.57,29,interface,108,,,,2025-06-19 10:16:35.285797
521,116,120,ivl-root-mgt1,10.11.55.62,29,interface,108,,,,2025-06-19 10:16:35.285797
522,116,118,ivl-int-prod0,10.11.55.1,29,interface,101,,,,2025-06-19 10:16:35.285797
523,116,122,ivl-int-prod1,10.11.55.6,29,interface,101,,,,2025-06-19 10:16:35.285797
524,116,118,ivl-int-uat10,10.11.55.17,29,interface,103,,,,2025-06-19 10:16:35.285797
525,116,125,ivl-int-uat11,10.11.55.22,29,interface,103,,,,2025-06-19 10:16:35.285797
526,116,118,ivl-int-temp0,10.11.55.25,29,interface,104,,,,2025-06-19 10:16:35.285797
527,116,124,ivl-int-temp1,10.11.55.30,29,interface,104,,,,2025-06-19 10:16:35.285797
528,116,118,ivl-int-jiway0,10.11.55.33,29,interface,105,,,,2025-06-19 10:16:35.285797
529,116,119,ivl-int-jiway1,10.11.55.38,29,interface,105,,,,2025-06-19 10:16:35.285797
530,116,122,lag2.3214,10.11.8.1,24,interface,3214,Net-1522-Prod-Common,,,2025-06-19 10:16:35.285797
531,116,122,lag2.3215,10.11.9.1,27,interface,3215,Net-1522-Prod-Stat,,,2025-06-19 10:16:35.285797
532,116,122,lag2.3216,10.11.9.65,27,interface,3216,Net-1522-Prod-ZMC,,,2025-06-19 10:16:35.285797
533,116,122,lag2.3217,10.11.10.1,27,interface,3217,Net-1522-Prod-UIP,,,2025-06-19 10:16:35.285797
534,116,122,lag2.3218,10.11.10.33,27,interface,3218,Net-1522-Prod-SSO,,,2025-06-19 10:16:35.285797
535,116,122,lag2.3219,10.11.10.65,27,interface,3219,Net-1522-Prod-CRM,,,2025-06-19 10:16:35.285797
536,116,125,lag2.3235,10.11.16.1,24,interface,3235,Net-1522-UAT1-Common,,,2025-06-19 10:16:35.285797
537,116,125,lag2.3236,10.11.18.1,26,interface,3236,Net-1522-UAT1-Portal,,,2025-06-19 10:16:35.285797
538,116,124,lag2.3251,10.11.20.1,24,interface,3251,Net-1522-Mig1-Common,,,2025-06-19 10:16:35.285797
539,116,124,lag2.3252,10.11.22.1,26,interface,3252,Net-1522-Mig1-Portal,,,2025-06-19 10:16:35.285797
540,116,124,lag2.3253,10.11.24.1,24,interface,3253,Net-1522-Mig2-Common,,,2025-06-19 10:16:35.285797
541,116,124,lag2.3254,10.11.26.1,26,interface,3254,Net-1522-Mig2-Portal,,,2025-06-19 10:16:35.285797
542,116,124,lag2.3255,10.11.28.1,24,interface,3255,Net-1522-Security-Common,,,2025-06-19 10:16:35.285797
543,116,124,lag2.3256,10.11.30.1,26,interface,3256,Net-1522-Security-Portal,,,2025-06-19 10:16:35.285797
544,116,119,lag2.3241,10.11.32.1,24,interface,3241,Net-1522-Prod-Jiway,,,2025-06-19 10:16:35.285797
545,116,119,lag2.3242,10.11.33.1,24,interface,3242,Net-1522-Pre-Prod-Jiway,,,2025-06-19 10:16:35.285797
546,116,119,lag2.3243,10.11.34.1,24,interface,3243,Net-1522-UAT-Jiway,,,2025-06-19 10:16:35.285797
547,116,120,lag2.3257,10.11.7.33,28,interface,3257,Back-Mgt,,,2025-06-19 10:16:35.285797
548,116,118,lag2.3244,10.11.55.65,29,interface,3244,,,,2025-06-19 10:16:35.285797
549,116,123,ivl-int-mno1,10.11.55.54,29,interface,100,,,,2025-06-19 10:16:35.285797
550,116,123,lag1.2702,10.74.0.2,24,interface,2702,,,,2025-06-19 10:16:35.285797
551,116,118,ivl-int-mno0,10.11.55.49,29,interface,100,,,,2025-06-19 10:16:35.285797
552,116,123,lag2.3124,10.11.54.9,29,interface,3124,P2P_MOEBIUS_PTECH-MNO_TO_TACIN,,,2025-06-19 10:16:35.285797
553,116,123,lag2.3125,10.11.54.17,29,interface,3125,P2P_MOEBIUS_PTECH-MNO_TO_MOBILE,,,2025-06-19 10:16:35.285797
554,116,118,lag2.3126,10.11.54.25,29,interface,3126,P2P_MOEBIUS_PTECH-MNO_TO_TDINT,,,2025-06-19 10:16:35.285797
555,116,125,lag2.3258,10.11.18.145,28,interface,3258,Net-1522-UAT1-ZMC,,,2025-06-19 10:16:35.285797
556,116,123,lag2.3142,10.11.54.33,29,interface,3142,,,,2025-06-19 10:16:35.285797
557,149,127,init-dmz,172.16.20.1,24,interface,251,,,,2025-06-19 10:16:35.285797
558,149,127,dmz-archiving,10.85.8.1,24,interface,208,,,,2025-06-19 10:16:35.285797
559,149,127,dmz-dlp,10.85.5.1,24,interface,205,,,,2025-06-19 10:16:35.285797
560,149,127,dmz-its4u,10.85.13.1,24,interface,213,,,,2025-06-19 10:16:35.285797
561,149,127,dmz-niche-guard,10.85.7.1,24,interface,207,,,,2025-06-19 10:16:35.285797
562,149,127,dmz-numen,10.85.14.1,24,interface,214,,,,2025-06-19 10:16:35.285797
563,149,127,dmz-oracle,10.85.12.1,24,interface,212,,,,2025-06-19 10:16:35.285797
564,149,127,dmz-sophos-mgt,10.85.133.1,24,interface,210,,,,2025-06-19 10:16:35.285797
565,149,127,dmz-storm,10.85.6.1,24,interface,206,,,,2025-06-19 10:16:35.285797
566,149,127,dmz-uat,10.85.105.1,24,interface,225,"Assyst 754568 ",,,2025-06-19 10:16:35.285797
567,149,127,dmz-F5,10.85.109.1,24,interface,229,Assyst 754568,,,2025-06-19 10:16:35.285797
568,149,127,dmz-externe-f5,10.85.107.1,24,interface,227,DMZ Externe F5,,,2025-06-19 10:16:35.285797
569,149,127,dmz-interne,10.85.102.1,24,interface,202,,,,2025-06-19 10:16:35.285797
570,149,127,Internal-FW-P2P,10.85.255.9,29,interface,200,,,,2025-06-19 10:16:35.285797
571,149,127,DMZ-Third-Bizto,10.85.103.1,29,interface,256,Assyst 816380 KKO 20190226,,,2025-06-19 10:16:35.285797
572,149,127,DMZ-Third-Plat4,10.85.103.9,29,interface,257,Assyst 816767 KKO 20190226,,,2025-06-19 10:16:35.285797
573,149,127,DMZ-Third-RMC,10.85.103.17,29,interface,258,FKA 31/07/2019 834818,,,2025-06-19 10:16:35.285797
574,149,127,SWIFT-VPN-PUB1,172.20.20.1,28,interface,912,,,,2025-06-19 10:16:35.285797
575,149,127,SWIFT-VPN-PUB2,172.20.30.1,28,interface,913,,,,2025-06-19 10:16:35.285797
576,149,127,SWIFT-VPN-PRIV,192.168.20.1,28,interface,911,,,,2025-06-19 10:16:35.285797
577,152,132,murex-esm0,10.85.254.1,30,interface,101,,,,2025-06-19 10:16:35.285797
578,152,130,murex-esm1,10.85.254.2,30,interface,101,,,,2025-06-19 10:16:35.285797
579,152,132,esm-murex-FRA1,172.21.137.2,30,interface,2411,,,,2025-06-19 10:16:35.285797
580,152,132,esm-murex-FRA2,172.21.137.6,30,interface,2412,,,,2025-06-19 10:16:35.285797
581,152,132,esm-murex-LON1,172.21.134.2,30,interface,2413,,,,2025-06-19 10:16:35.285797
582,152,132,esm-murex-LON2,172.21.134.6,30,interface,2414,,,,2025-06-19 10:16:35.285797
583,152,130,CHECKPOINT,10.85.255.9,29,interface,200,Forti to CHECKPOINT,,,2025-06-19 10:16:35.285797
584,152,130,ESM-INT,10.85.102.1,24,interface,202,esm interne,,,2025-06-19 10:16:35.285797
585,152,130,FORTI-INIT-FE,172.16.20.1,24,interface,251,INIT frontend,,,2025-06-19 10:16:35.285797
586,152,130,FORTI-INIT-BE,172.16.10.1,24,interface,250,INIT Backend,,,2025-06-19 10:16:35.285797
587,152,130,SOPHOS-DLP,10.85.5.1,24,interface,205,dmz sophos DLP,,,2025-06-19 10:16:35.285797
588,152,130,SOPHOS-NGUARD,10.85.7.1,24,interface,207,dmz sophos NICHE GUARD,,,2025-06-19 10:16:35.285797
589,152,130,SOPHOS-ITS4U,10.85.13.1,24,interface,213,dmz sophos ITS4u,,,2025-06-19 10:16:35.285797
590,152,130,SOPHOS-ORACLE,10.85.12.1,24,interface,211,dmz sophos Oracle,,,2025-06-19 10:16:35.285797
591,152,130,SOPHOS-SIX,10.85.14.1,24,interface,214,dmz sophos SIX,,,2025-06-19 10:16:35.285797
592,152,130,ESM-EXT-UAT,10.85.105.1,24,interface,225,dmz externe UAT,,,2025-06-19 10:16:35.285797
593,152,130,F5-EXT-UAT,10.85.109.1,24,interface,229,UAT Externe F5,,,2025-06-19 10:16:35.285797
594,152,130,F5-EXT-PROD,10.85.107.1,24,interface,227,PROD Externe F5,,,2025-06-19 10:16:35.285797
595,152,130,ESM-VOICE,10.85.18.1,24,interface,218," VOICE GATEWAY",,,2025-06-19 10:16:35.285797
596,152,130,SOPHOS-3RD-WWW,10.85.9.1,24,interface,209,SOPHOS 3RD INTERNET,,,2025-06-19 10:16:35.285797
597,152,133,swift-esm0,10.85.254.9,30,interface,102,,,,2025-06-19 10:16:35.285797
598,152,130,swift-esm1,10.85.254.10,30,interface,102,,,,2025-06-19 10:16:35.285797
599,152,133,SWIFT-AUTH,10.85.40.1,28,interface,801,,,,2025-06-19 10:16:35.285797
600,152,133,SWIFT-TEST-APP,10.85.40.17,28,interface,802,,,,2025-06-19 10:16:35.285797
601,152,133,SWIFT-PROD-APP,10.85.40.33,28,interface,803,,,,2025-06-19 10:16:35.285797
602,152,133,SWIFT-TEST-DB,10.85.40.97,28,interface,907,,,,2025-06-19 10:16:35.285797
603,152,133,SWIFT-PROD-DB,10.85.40.113,28,interface,908,,,,2025-06-19 10:16:35.285797
604,152,133,SWIFT-JUMP,10.85.40.241,28,interface,916,,,,2025-06-19 10:16:35.285797
605,152,133,SWIFT-SCAN,10.85.40.225,28,interface,915,,,,2025-06-19 10:16:35.285797
606,152,133,SWIFT-MGMT,10.85.40.209,28,interface,914,,,,2025-06-19 10:16:35.285797
607,152,133,SWIFT-VPN-PRIV,192.168.20.1,28,interface,901,,,,2025-06-19 10:16:35.285797
608,152,133,SWIFT-VPN-PUB,172.20.20.1,28,interface,902,,,,2025-06-19 10:16:35.285797
609,152,130,DMZ-Third-Plat4,10.85.103.9,29,interface,257,Assyst 816767 KKO 20190226,,,2025-06-19 10:16:35.285797
610,152,130,DMZ-Third-Bizto,10.85.103.1,29,interface,256,Assyst 816380 KKO 20190226,,,2025-06-19 10:16:35.285797
611,152,130,DMZ-Third-RMC,10.85.103.17,29,interface,258,FKA 31/07/2019 834818,,,2025-06-19 10:16:35.285797
612,152,130,DMZ-Third-EMERG,10.85.103.25,29,interface,259,DMZ-Third-EMERGYA,,,2025-06-19 10:16:35.285797
613,152,130,DMZ-externe-SBC,10.85.116.1,28,interface,220,DMZ-externe-SBC,,,2025-06-19 10:16:35.285797
614,152,130,DMZ-Interne-SBC,10.85.115.1,28,interface,219,DMZ-Interne-SBC,,,2025-06-19 10:16:35.285797
615,152,130,DMZ-th-ZSCALER,10.85.103.33,29,interface,260,DMZ-th-ZSCALER,,,2025-06-19 10:16:35.285797
616,157,135,core-app-mgt,172.31.194.129,25,interface,105,,,,2025-06-19 10:16:35.285797
617,157,135,core-mm-prod,172.31.195.1,25,interface,107,,,,2025-06-19 10:16:35.285797
618,157,135,core-infra-prod,172.31.193.1,25,interface,101,,,,2025-06-19 10:16:35.285797
619,157,135,core-app-prod,172.31.194.1,25,interface,104,,,,2025-06-19 10:16:35.285797
620,157,135,core-mm-prd-mgt,172.31.195.129,25,interface,108,,,,2025-06-19 10:16:35.285797
621,157,135,core-voip,172.31.197.1,24,interface,111,,,,2025-06-19 10:16:35.285797
622,157,135,core-pgd-fe,172.31.202.1,25,interface,116,,,,2025-06-19 10:16:35.285797
623,157,135,core-pgd-be,172.31.202.129,25,interface,117,,,,2025-06-19 10:16:35.285797
624,157,135,core-pgd-mgt,172.31.203.1,25,interface,118,,,,2025-06-19 10:16:35.285797
625,157,135,core-ass-fe,172.31.204.1,25,interface,122,,,,2025-06-19 10:16:35.285797
626,157,135,core-ass-be,172.31.204.129,25,interface,123,,,,2025-06-19 10:16:35.285797
627,157,135,core-ass-mgt,172.31.205.1,25,interface,124,,,,2025-06-19 10:16:35.285797
628,157,135,core-ada-fe,172.31.206.1,25,interface,128,,,,2025-06-19 10:16:35.285797
629,157,135,core-ada-be,172.31.206.129,25,interface,129,,,,2025-06-19 10:16:35.285797
630,157,135,core-ada-mgt,172.31.207.1,25,interface,130,,,,2025-06-19 10:16:35.285797
631,157,135,core-pch-fe,172.31.208.1,25,interface,134,,,,2025-06-19 10:16:35.285797
632,157,135,core-pch-be,172.31.208.129,25,interface,135,,,,2025-06-19 10:16:35.285797
633,157,135,core-pch-mgt,172.31.209.1,25,interface,136,,,,2025-06-19 10:16:35.285797
634,157,135,core-sre-fe,172.31.210.1,25,interface,140,,,,2025-06-19 10:16:35.285797
635,157,135,core-sre-be,172.31.210.129,25,interface,141,,,,2025-06-19 10:16:35.285797
636,157,135,core-sre-mgt,172.31.211.1,25,interface,142,,,,2025-06-19 10:16:35.285797
637,157,135,core-ccg-fe,172.31.212.1,25,interface,146,,,,2025-06-19 10:16:35.285797
638,157,135,core-ccg-be,172.31.212.129,25,interface,147,,,,2025-06-19 10:16:35.285797
639,157,135,core-ccg-mgt,172.31.213.1,25,interface,148,,,,2025-06-19 10:16:35.285797
640,157,135,core-hcpn-fe,172.31.214.1,25,interface,152,,,,2025-06-19 10:16:35.285797
641,157,135,core-hcpn-be,172.31.214.129,25,interface,153,,,,2025-06-19 10:16:35.285797
642,157,135,core-hcpn-mgt,172.31.215.1,25,interface,154,,,,2025-06-19 10:16:35.285797
643,157,135,core-cpl-fe,172.31.216.1,25,interface,158,,,,2025-06-19 10:16:35.285797
644,157,135,core-cpl-be,172.31.216.129,25,interface,159,,,,2025-06-19 10:16:35.285797
645,157,135,core-cpl-mgt,172.31.217.1,25,interface,160,,,,2025-06-19 10:16:35.285797
646,157,134,service-net-vrf,172.16.1.1,29,interface,951,,,,2025-06-19 10:16:35.285797
647,157,135,dimetra-monitor,172.31.224.1,24,interface,11,,,,2025-06-19 10:16:35.285797
648,157,135,dimetra-ra,172.31.227.1,24,interface,14,,,,2025-06-19 10:16:35.285797
649,157,134,root-renita0,1.1.1.1,29,interface,10,,,,2025-06-19 10:16:35.285797
650,157,135,root-renita1,1.1.1.2,29,interface,10,,,,2025-06-19 10:16:35.285797
651,157,135,cr-01-cc,172.30.255.1,29,interface,301,,,,2025-06-19 10:16:35.285797
652,157,135,cr-02-cc,172.30.255.9,29,interface,302,,,,2025-06-19 10:16:35.285797
653,157,135,dimetra-shrtdat,172.31.225.1,24,interface,12,,,,2025-06-19 10:16:35.285797
654,157,135,dimetra-pktdata,172.31.226.1,24,interface,13,,,,2025-06-19 10:16:35.285797
655,157,135,core-vdi-stream,172.31.199.1,24,interface,113,,,,2025-06-19 10:16:35.285797
656,157,134,mgt-net-vrf,172.16.1.41,29,interface,956,*** TO Management VRF ***,,,2025-06-19 10:16:35.285797
657,157,134,inband-external,172.29.130.73,29,interface,996,,,,2025-06-19 10:16:35.285797
658,157,135,trs-03-sennig,172.31.233.65,27,interface,403,Senningen CT,,,2025-06-19 10:16:35.285797
659,157,135,trs-01-cloche,172.31.233.1,27,interface,401,Post Emile Bian,,,2025-06-19 10:16:35.285797
660,157,135,trs-02-leudel,172.31.233.33,27,interface,402,Leudelange Ccom,,,2025-06-19 10:16:35.285797
661,157,134,infra-mgt-srv,172.31.255.1,24,interface,962,,,,2025-06-19 10:16:35.285797
662,157,135,core-infra-mgt,172.31.193.129,25,interface,103,,,,2025-06-19 10:16:35.285797
663,157,135,cr-04-cc,172.30.255.25,29,interface,304,,,,2025-06-19 10:16:35.285797
664,157,135,cr-03-cc,172.30.255.17,29,interface,303,,,,2025-06-19 10:16:35.285797
665,157,135,cr-05-cc,172.30.255.33,29,interface,305,,,,2025-06-19 10:16:35.285797
666,157,135,cr-06-cc,172.30.255.41,29,interface,306,,,,2025-06-19 10:16:35.285797
667,157,135,cr-07-cc,172.30.255.49,29,interface,307,,,,2025-06-19 10:16:35.285797
668,157,135,cr-08-cc,172.30.255.57,29,interface,308,,,,2025-06-19 10:16:35.285797
669,157,135,core-mm-dwh,172.31.196.1,25,interface,110,,,,2025-06-19 10:16:35.285797
670,157,135,dimetra-sipprox,172.31.228.1,24,interface,15,CTASK0011169 20160425 ODELUIS,,,2025-06-19 10:16:35.285797
671,157,135,dimetra-interco,172.31.229.1,24,interface,16,Dimetra Interconnect Subnet,,,2025-06-19 10:16:35.285797
672,157,135,ren-trs-see,172.31.233.97,27,interface,404,,,,2025-06-19 10:16:35.285797
673,157,134,shared-it,172.16.1.54,29,interface,912,*** To Shared-IT ***,,,2025-06-19 10:16:35.285797
674,157,134,cust-shared_1,172.16.1.57,29,interface,915,p2p_cust-shared_link1-RCE,,,2025-06-19 10:16:35.285797
675,157,134,cust-shared_2,172.16.1.65,29,interface,916,p2p_cust_shared_link2-RCS,,,2025-06-19 10:16:35.285797
676,157,134,loopback0,1.1.1.254,32,loopback,,None,,,2025-06-19 10:16:35.285797
677,159,136,service-net-vrf,172.16.0.1,29,interface,951,,,,2025-06-19 10:16:35.285797
678,159,137,core-app-mgt,172.31.130.129,25,interface,105,,,,2025-06-19 10:16:35.285797
679,159,137,core-mm-prod,172.31.131.1,25,interface,107,Core Management and Monitoring,,,2025-06-19 10:16:35.285797
680,159,137,core-app-prod,172.31.130.1,25,interface,104,,,,2025-06-19 10:16:35.285797
681,159,137,core-mm-prd-mgt,172.31.131.129,25,interface,108,,,,2025-06-19 10:16:35.285797
682,159,137,core-mm-mgt,172.31.132.1,24,interface,110,Core Monitoring and Management (Management),,,2025-06-19 10:16:35.285797
683,159,137,core-voip,172.31.133.1,24,interface,111,,,,2025-06-19 10:16:35.285797
684,159,137,core-pgd-fe,172.31.138.1,25,interface,116,PGD Frontend,,,2025-06-19 10:16:35.285797
685,159,137,core-pgd-be,172.31.138.129,25,interface,117,PGD Backend,,,2025-06-19 10:16:35.285797
686,159,137,core-pgd-mgt,172.31.139.1,25,interface,118,PGD Management,,,2025-06-19 10:16:35.285797
687,159,137,core-ass-fe,172.31.140.1,25,interface,122,ASS Frontend,,,2025-06-19 10:16:35.285797
688,159,137,core-ass-be,172.31.140.129,25,interface,123,ASS Backend,,,2025-06-19 10:16:35.285797
689,159,137,core-ass-mgt,172.31.141.1,25,interface,124,ASS Management,,,2025-06-19 10:16:35.285797
690,159,137,core-ada-fe,172.31.142.1,25,interface,128,ADA Frontend,,,2025-06-19 10:16:35.285797
691,159,137,core-ada-be,172.31.142.129,25,interface,129,ADA Backend,,,2025-06-19 10:16:35.285797
692,159,137,core-ada-mgt,172.31.143.1,25,interface,130,ADA Management,,,2025-06-19 10:16:35.285797
693,159,137,core-pch-fe,172.31.144.1,25,interface,134,PCH Frontend,,,2025-06-19 10:16:35.285797
694,159,137,core-pch-be,172.31.144.129,25,interface,135,PCH Backend,,,2025-06-19 10:16:35.285797
695,159,137,core-pch-mgt,172.31.145.1,25,interface,136,PCH Management,,,2025-06-19 10:16:35.285797
696,159,137,core-sre-fe,172.31.146.1,25,interface,140,SRE Frontend,,,2025-06-19 10:16:35.285797
697,159,137,core-sre-be,172.31.146.129,25,interface,141,SRE Backend,,,2025-06-19 10:16:35.285797
698,159,137,core-sre-mgt,172.31.147.1,25,interface,142,SRE Management,,,2025-06-19 10:16:35.285797
699,159,137,core-ccg-fe,172.31.148.1,25,interface,146,CCG Frontend,,,2025-06-19 10:16:35.285797
700,159,137,core-ccg-be,172.31.148.129,25,interface,147,CCG Backend,,,2025-06-19 10:16:35.285797
701,159,137,core-ccg-mgt,172.31.149.1,25,interface,148,CCG Management,,,2025-06-19 10:16:35.285797
702,159,137,core-hcpn-fe,172.31.150.1,25,interface,152,HCPN Frontend,,,2025-06-19 10:16:35.285797
703,159,137,core-hcpn-be,172.31.150.129,25,interface,153,HCPN Backend,,,2025-06-19 10:16:35.285797
704,159,137,core-hcpn-mgt,172.31.151.1,25,interface,154,HCPN Management,,,2025-06-19 10:16:35.285797
705,159,137,core-cpl-fe,172.31.152.1,25,interface,158,CPL Frontend,,,2025-06-19 10:16:35.285797
706,159,137,core-cpl-be,172.31.152.129,25,interface,159,CPL Backend,,,2025-06-19 10:16:35.285797
707,159,137,core-cpl-mgt,172.31.153.1,25,interface,160,CPL Management,,,2025-06-19 10:16:35.285797
708,159,137,core-infra-prod,172.31.129.1,25,interface,101,core infrastructure vlan,,,2025-06-19 10:16:35.285797
709,159,136,mgt-net-vrf,172.16.0.41,29,interface,956,,,,2025-06-19 10:16:35.285797
710,159,136,inband-external,172.29.128.73,29,interface,996,,,,2025-06-19 10:16:35.285797
711,159,137,core-vdi-stream,172.31.135.1,24,interface,113,,,,2025-06-19 10:16:35.285797
712,159,137,dimetra-monitor,172.31.160.1,24,interface,11,,,,2025-06-19 10:16:35.285797
713,159,137,dimetra-shrtdat,172.31.161.1,24,interface,12,,,,2025-06-19 10:16:35.285797
714,159,137,dimetra-pktdata,172.31.162.1,24,interface,13,,,,2025-06-19 10:16:35.285797
715,159,137,dimetra-ra,172.31.163.1,24,interface,14,,,,2025-06-19 10:16:35.285797
716,159,137,cr-01-cc,172.30.255.1,29,interface,301,"REN-MC-CITPOL ",,,2025-06-19 10:16:35.285797
717,159,137,cr-02-cc,172.30.255.9,29,interface,302,"REN-BC-CIPLUX ",,,2025-06-19 10:16:35.285797
718,159,137,cr-19-cc,172.30.255.145,29,interface,319,"REN-CR-CHATSE ",,,2025-06-19 10:16:35.285797
719,159,136,root-renita0,1.1.1.1,29,interface,10,,,,2025-06-19 10:16:35.285797
720,159,137,root-renita1,1.1.1.2,29,interface,10,,,,2025-06-19 10:16:35.285797
721,159,137,cr-03-cc,172.30.255.17,29,interface,303,"REN-RC-CICAPN ",,,2025-06-19 10:16:35.285797
722,159,137,cr-06-cc,172.30.255.41,29,interface,306,"REN-RC-CIPGRE ",,,2025-06-19 10:16:35.285797
723,159,137,cr-07-cc,172.30.255.49,29,interface,307,"REN-RC-CIPMER ",,,2025-06-19 10:16:35.285797
724,159,137,cr-08-cc,172.30.255.57,29,interface,308,,,,2025-06-19 10:16:35.285797
725,159,137,cr-09-cc,172.30.255.65,29,interface,309,"REN-BC-CITPOL ",,,2025-06-19 10:16:35.285797
726,159,137,cr-10-cc,172.30.255.73,29,interface,310,REN-CR-APASIG,,,2025-06-19 10:16:35.285797
727,159,137,cr-11-cc,172.30.255.81,29,interface,311,REN-CR-APBSIG,,,2025-06-19 10:16:35.285797
728,159,137,cr-12-cc,172.30.255.89,29,interface,312,"REN-RC-CIMERT ",,,2025-06-19 10:16:35.285797
729,159,137,cr-13-cc,172.30.255.97,29,interface,313,"REN-RC-CILUXE ",,,2025-06-19 10:16:35.285797
730,159,137,cr-14-cc,172.30.255.105,29,interface,314,"REN-MC-DDAHAM ",,,2025-06-19 10:16:35.285797
731,159,137,cr-15-cc,172.30.255.113,29,interface,315,"REN-BC-CDHOWA ",,,2025-06-19 10:16:35.285797
732,159,137,cr-16-cc,172.30.255.121,29,interface,316,"REN-CR-SREBAL ",,,2025-06-19 10:16:35.285797
733,159,137,cr-17-cc,172.30.255.129,29,interface,317,,,,2025-06-19 10:16:35.285797
734,159,137,cr-18-cc,172.30.255.137,29,interface,318,"REN-CR-CITALU ",,,2025-06-19 10:16:35.285797
735,159,137,cr-20-cc,172.30.255.153,29,interface,320,"REN-CR-CCOLEU ",,,2025-06-19 10:16:35.285797
736,159,137,cr-21-cc,172.30.255.161,29,interface,321,,,,2025-06-19 10:16:35.285797
737,159,137,cr-22-cc,172.30.255.169,29,interface,322,REN-RC-CIETTE,,,2025-06-19 10:16:35.285797
738,159,137,cr-23-cc,172.30.255.177,29,interface,323,REN-NB-WALFER,,,2025-06-19 10:16:35.285797
739,159,137,cr-24-cc,172.30.255.185,29,interface,324,REN-RC-CIESCH,,,2025-06-19 10:16:35.285797
740,159,137,cr-30-cc,172.30.255.233,29,interface,330,,,,2025-06-19 10:16:35.285797
741,159,137,cr-04-cc,172.30.255.25,29,interface,304,"REN-RC-CIDIEK ",,,2025-06-19 10:16:35.285797
742,159,137,cr-05-cc,172.30.255.33,29,interface,305,,,,2025-06-19 10:16:35.285797
743,159,137,cr-25-cc,172.30.255.193,29,interface,325,REN-BC-CITALX,,,2025-06-19 10:16:35.285797
744,159,137,cr-26-cc,172.30.255.201,29,interface,326,,,,2025-06-19 10:16:35.285797
745,159,137,cr-27-cc,172.30.255.209,29,interface,327,REN-RC-CILINT,,,2025-06-19 10:16:35.285797
746,159,137,cr-28-cc,172.30.255.217,29,interface,328,,,,2025-06-19 10:16:35.285797
747,159,137,cr-29-cc,172.30.255.225,29,interface,329,,,,2025-06-19 10:16:35.285797
748,159,137,cr-31-cc,172.30.255.241,29,interface,331,,,,2025-06-19 10:16:35.285797
749,159,137,cr-32-cc,172.30.255.249,29,interface,332,,,,2025-06-19 10:16:35.285797
750,159,137,dummy,1.2.3.4,32,interface,110,,,,2025-06-19 10:16:35.285797
751,159,137,rs-01,172.31.177.97,27,interface,401,LUX-ALDRINGEN-POSTES,,,2025-06-19 10:16:35.285797
752,159,137,rs-02,172.31.172.97,27,interface,402,ALTRIER-RIPPIGERKOPP,,,2025-06-19 10:16:35.285797
753,159,137,rs-03,172.31.179.97,27,interface,403,REMICH-SCHEIERBIERG,,,2025-06-19 10:16:35.285797
754,159,137,rs-04,172.31.176.33,27,interface,404,JUNGLINSTER-HEED,,,2025-06-19 10:16:35.285797
755,159,137,rs-05,172.31.172.161,27,interface,405,BELVAUX-PAKEBIERG,,,2025-06-19 10:16:35.285797
756,159,137,rs-06,172.31.173.65,27,interface,406,BINSFELD,,,2025-06-19 10:16:35.285797
757,159,137,rs-07,172.31.175.225,27,interface,407,HOWALD-CHATEAU,,,2025-06-19 10:16:35.285797
758,159,137,rs-08,172.31.173.97,27,interface,408,BLASCHETTE,,,2025-06-19 10:16:35.285797
759,159,137,rs-09,172.31.175.97,27,interface,409,HARLANGE-POTEAU,,,2025-06-19 10:16:35.285797
760,159,137,rs-10,172.31.174.129,27,interface,410,ECHTERNACH-HAUT,,,2025-06-19 10:16:35.285797
761,159,137,rs-11,172.31.178.65,27,interface,411,MACHTUM,,,2025-06-19 10:16:35.285797
762,159,137,rs-12,172.31.174.97,27,interface,412,DUD-BURANGE-CT,,,2025-06-19 10:16:35.285797
763,159,137,rs-13,172.31.177.193,27,interface,413,LUX-FORT-NEIPPERG-PARKING,,,2025-06-19 10:16:35.285797
764,159,137,rs-14,172.31.174.1,27,interface,414,DIEKIRCH-HAUT,,,2025-06-19 10:16:35.285797
765,159,137,rs-15,172.31.178.129,27,interface,415,MERSCH-ZI,,,2025-06-19 10:16:35.285797
766,159,137,rs-16,172.31.173.225,27,interface,416,DALHEIM,,,2025-06-19 10:16:35.285797
767,159,137,rs-17,172.31.180.225,27,interface,417,WALFERDANGE-STEP,,,2025-06-19 10:16:35.285797
768,159,137,rs-18,172.31.176.65,27,interface,418,KAUTENBACH-ANTENNE,,,2025-06-19 10:16:35.285797
769,159,137,rs-19,172.31.180.193,27,interface,419,VIANDEN-SCHANK,,,2025-06-19 10:16:35.285797
770,159,137,rs-20,172.31.178.33,27,interface,420,LUX-RTE-ARLON-CHATEAU,,,2025-06-19 10:16:35.285797
771,159,137,rs-21,172.31.177.33,27,interface,421,LEUDELANGE-ZI-CHATEAU,,,2025-06-19 10:16:35.285797
772,159,137,rs-22,172.31.177.1,27,interface,422,LELLIG-BASSIN,,,2025-06-19 10:16:35.285797
773,159,137,rs-23,172.31.174.225,27,interface,423,ESELBORN-LENTZWEILER,,,2025-06-19 10:16:35.285797
774,159,137,rs-24,172.31.174.65,27,interface,424,DONCOLS-BASSIN,,,2025-06-19 10:16:35.285797
775,159,137,rs-25,172.31.178.161,27,interface,425,NEIDHAUSEN,,,2025-06-19 10:16:35.285797
776,159,137,rs-26,172.31.178.225,27,interface,426,PERLE-CHATEAU,,,2025-06-19 10:16:35.285797
777,159,137,rs-27,172.31.177.129,27,interface,427,LUX-CESSANGE-CHATEAU,,,2025-06-19 10:16:35.285797
778,159,137,rs-28,172.31.178.193,27,interface,428,PAFEBIERG-Police,,,2025-06-19 10:16:35.285797
779,159,137,rs-29,172.31.176.129,27,interface,429,KEHMEN,,,2025-06-19 10:16:35.285797
780,159,137,rs-30,172.31.173.193,27,interface,430,CONTERN-SYREN-CHATEAU,,,2025-06-19 10:16:35.285797
781,159,137,rs-31,172.31.173.1,27,interface,431,BETTEMBOURG-ANTENNE,,,2025-06-19 10:16:35.285797
782,159,137,rs-32,172.31.173.161,27,interface,432,CLERVAUX-REULER,,,2025-06-19 10:16:35.285797
783,159,137,rs-33,172.31.177.225,27,interface,433,LUX-KIRCHBERG-CCK,,,2025-06-19 10:16:35.285797
784,159,137,rs-34,172.31.179.1,27,interface,434,REHBERG,,,2025-06-19 10:16:35.285797
785,159,137,rs-35,172.31.176.1,27,interface,435,HULDANGE-Chateau,,,2025-06-19 10:16:35.285797
786,159,137,rs-36,172.31.179.129,27,interface,436,RIESENHOF,,,2025-06-19 10:16:35.285797
787,159,137,rs-37,172.31.181.1,27,interface,437,WASSERBILLIG-DOUANE,,,2025-06-19 10:16:35.285797
788,159,137,rs-38,172.31.174.161,27,interface,438,ESCH-ALZETTE-POLICE,,,2025-06-19 10:16:35.285797
789,159,137,rs-39,172.31.175.65,27,interface,439,FINDEL-BUSINESS-CENTER-POLICE,,,2025-06-19 10:16:35.285797
790,159,137,rs-40,172.31.175.33,27,interface,440,FINDEL-AEROGARE,,,2025-06-19 10:16:35.285797
791,159,137,rs-41,172.31.172.1,27,interface,441,A13-BURMERANGE-TUNNEL,,,2025-06-19 10:16:35.285797
792,159,137,rs-42,4.4.4.1,32,interface,442,,,,2025-06-19 10:16:35.285797
793,159,137,rs-43,172.31.172.33,27,interface,443,A7-LINTGEN-TUNNEL-GOUSSELERBIERG,,,2025-06-19 10:16:35.285797
794,159,137,rs-44,172.31.172.65,27,interface,444,A7-TUNNEL-GROUFT-NORD,,,2025-06-19 10:16:35.285797
795,159,137,rs-45,172.31.172.193,27,interface,445,BERDORF-VOX,,,2025-06-19 10:16:35.285797
796,159,137,rs-46,172.31.172.225,27,interface,446,BERTRANGE-TOSSEBIERG,,,2025-06-19 10:16:35.285797
797,159,137,rs-47,172.31.173.33,27,interface,447,BEYREN-TANGO,,,2025-06-19 10:16:35.285797
798,159,137,rs-48,172.31.173.129,27,interface,448,BRIDEL-CHATEAU,,,2025-06-19 10:16:35.285797
799,159,137,rs-49,172.31.174.33,27,interface,449,DIPPACH-ANTENNE,,,2025-06-19 10:16:35.285797
800,159,137,rs-50,172.31.174.193,27,interface,450,ESCH-BELVAL-AGORA,,,2025-06-19 10:16:35.285797
801,159,137,rs-51,172.31.175.129,27,interface,451,HEIDERSCHEID-TANGO,,,2025-06-19 10:16:35.285797
802,159,137,rs-52,172.31.175.161,27,interface,452,HEISPELT-NAPOLEANSGAARD,,,2025-06-19 10:16:35.285797
803,159,137,rs-53,172.31.175.193,27,interface,453,HOBSCHEID-ANTENNE,,,2025-06-19 10:16:35.285797
804,159,137,rs-54,172.31.176.161,27,interface,454,KNAPHOSCHEID-CHATEAU,,,2025-06-19 10:16:35.285797
805,159,137,rs-55,172.31.176.193,27,interface,455,LAROCHETTE-TANGO,,,2025-06-19 10:16:35.285797
806,159,137,rs-56,172.31.176.225,27,interface,456,LASAUVAGE-TANGO,,,2025-06-19 10:16:35.285797
807,159,137,rs-57,172.31.177.65,27,interface,457,LIPPERSCHEID-TANGO,,,2025-06-19 10:16:35.285797
808,159,137,rs-58,172.31.177.161,27,interface,458,LUX-CITE-JUDICIAIRE,,,2025-06-19 10:16:35.285797
809,159,137,rs-59,172.31.178.1,27,interface,459,LUX-VERLORENKOST-POLICE,,,2025-06-19 10:16:35.285797
810,159,137,rs-60,172.31.178.97,27,interface,460,MARIENDALL-FERME,,,2025-06-19 10:16:35.285797
811,159,137,rs-61,172.31.179.33,27,interface,461,REIMBERG-CHATEAU,,,2025-06-19 10:16:35.285797
812,159,137,rs-62,172.31.179.65,27,interface,462,REISDORF-VOX,,,2025-06-19 10:16:35.285797
813,159,137,rs-63,172.31.179.161,27,interface,463,RODANGE-PED-TANGO,,,2025-06-19 10:16:35.285797
814,159,137,rs-64,172.31.179.193,27,interface,464,RUMELANGE-POSTES,,,2025-06-19 10:16:35.285797
815,159,137,rs-65,172.31.180.1,27,interface,465,SANDWEILER-CHATEAU,,,2025-06-19 10:16:35.285797
816,159,137,rs-66,172.31.180.33,27,interface,466,SCHIEREN-TRELLSBAM,,,2025-06-19 10:16:35.285797
817,159,137,rs-67,172.31.180.97,27,interface,467,SCHIMPACH-ANTENNE,,,2025-06-19 10:16:35.285797
818,159,137,rs-68,172.31.180.129,27,interface,468,SENNINGERBERG-CHATEAU,,,2025-06-19 10:16:35.285797
819,159,137,rs-69,172.31.180.161,27,interface,469,VIANDEN-BASSIN-SEO,,,2025-06-19 10:16:35.285797
820,159,137,rs-70,172.31.172.129,27,interface,470,BECKERICH-TANGO,,,2025-06-19 10:16:35.285797
821,159,137,rs-71,172.31.175.1,27,interface,471,FEULEN-TANGO,,,2025-06-19 10:16:35.285797
822,159,137,rs-72,172.31.176.97,27,interface,472,KAYL-ANTENNE,,,2025-06-19 10:16:35.285797
823,159,137,rs-73,172.31.179.225,27,interface,473,SAEUL-TANGO,,,2025-06-19 10:16:35.285797
824,159,137,rs-74,172.31.180.65,27,interface,474,SCHIFFLANGE-TANGO,,,2025-06-19 10:16:35.285797
825,159,137,rs-75,172.31.181.33,27,interface,475,WILTZ-ANTENNE,,,2025-06-19 10:16:35.285797
826,159,137,rs-76,172.31.181.65,27,interface,476,,,,2025-06-19 10:16:35.285797
827,159,137,rs-80,172.31.181.193,27,interface,480,Radio-site 79 - REN-RS-UEBSYR		Uebersyren-CT,,,2025-06-19 10:16:35.285797
828,159,137,rs-81,172.31.181.225,27,interface,481,,,,2025-06-19 10:16:35.285797
829,159,137,rs-82,172.31.182.1,27,interface,482,CHG0031306 20200211 GVA,,,2025-06-19 10:16:35.285797
830,159,136,infra-mgt-srv,172.31.190.1,24,interface,962,,,,2025-06-19 10:16:35.285797
831,159,137,core-infra-mgt,172.31.129.129,25,interface,103,,,,2025-06-19 10:16:35.285797
832,159,137,rs-91,172.31.183.33,27,interface,491,,,,2025-06-19 10:16:35.285797
833,159,137,dimetra-sipprox,172.31.164.1,24,interface,15,CHG0030585 20160603 ODELUIS,,,2025-06-19 10:16:35.285797
834,159,137,rp-01,172.31.188.1,29,interface,501,,,,2025-06-19 10:16:35.285797
835,159,137,rp-02,172.31.188.9,29,interface,502,,,,2025-06-19 10:16:35.285797
836,159,137,rp-03,172.31.188.17,29,interface,503,,,,2025-06-19 10:16:35.285797
837,159,137,rp-04,172.31.188.25,29,interface,504,,,,2025-06-19 10:16:35.285797
838,159,137,rp-05,172.31.188.33,29,interface,505,,,,2025-06-19 10:16:35.285797
839,159,137,rp-06,172.31.188.41,29,interface,506,,,,2025-06-19 10:16:35.285797
840,159,137,rp-07,172.31.188.49,29,interface,507,,,,2025-06-19 10:16:35.285797
841,159,137,rp-08,172.31.188.57,29,interface,508,,,,2025-06-19 10:16:35.285797
842,159,137,rp-09,172.31.188.65,29,interface,509,,,,2025-06-19 10:16:35.285797
843,159,137,rp-10,172.31.188.73,29,interface,510,,,,2025-06-19 10:16:35.285797
844,159,137,rp-11,172.31.188.81,29,interface,511,,,,2025-06-19 10:16:35.285797
845,159,137,rp-12,172.31.188.89,29,interface,512,,,,2025-06-19 10:16:35.285797
846,159,137,rp-13,172.31.188.97,29,interface,513,,,,2025-06-19 10:16:35.285797
847,159,137,rp-14,172.31.188.105,29,interface,514,,,,2025-06-19 10:16:35.285797
848,159,137,rp-15,172.31.188.113,29,interface,515,,,,2025-06-19 10:16:35.285797
849,159,137,rp-16,172.31.188.121,29,interface,516,,,,2025-06-19 10:16:35.285797
850,159,137,rp-17,172.31.188.129,29,interface,517,,,,2025-06-19 10:16:35.285797
851,159,137,rp-18,172.31.188.137,29,interface,518,,,,2025-06-19 10:16:35.285797
852,159,137,rp-19,172.31.188.145,29,interface,519,,,,2025-06-19 10:16:35.285797
853,159,137,rp-20,172.31.188.153,29,interface,520,,,,2025-06-19 10:16:35.285797
854,159,137,rp-21,172.31.188.161,29,interface,521,,,,2025-06-19 10:16:35.285797
855,159,137,rp-22,172.31.188.169,29,interface,522,,,,2025-06-19 10:16:35.285797
856,159,137,rp-23,172.31.188.177,29,interface,523,,,,2025-06-19 10:16:35.285797
857,159,137,rp-24,172.31.188.185,29,interface,524,,,,2025-06-19 10:16:35.285797
858,159,137,rp-25,172.31.188.193,29,interface,525,,,,2025-06-19 10:16:35.285797
859,159,137,rp-26,172.31.188.201,29,interface,526,,,,2025-06-19 10:16:35.285797
860,159,137,rp-27,172.31.188.209,29,interface,527,,,,2025-06-19 10:16:35.285797
861,159,137,rp-28,172.31.188.217,29,interface,528,,,,2025-06-19 10:16:35.285797
862,159,137,rp-29,172.31.188.225,29,interface,529,,,,2025-06-19 10:16:35.285797
863,159,137,rp-30,172.31.188.233,29,interface,530,,,,2025-06-19 10:16:35.285797
864,159,137,rp-31,172.31.188.241,29,interface,531,,,,2025-06-19 10:16:35.285797
865,159,137,rp-32,172.31.188.249,29,interface,532,,,,2025-06-19 10:16:35.285797
866,159,137,rs-84,172.31.182.97,27,interface,485,Wormeldange-CT,,,2025-06-19 10:16:35.285797
867,159,137,dimetra-interco,172.31.165.1,24,interface,16,Dimetra Interconnect Subnet,,,2025-06-19 10:16:35.285797
868,159,137,rs-83,172.31.182.65,27,interface,484,Vichten-Commune,,,2025-06-19 10:16:35.285797
869,159,137,rs-88,172.31.182.225,27,interface,489,Assyst 795123 RBA 20180925,,,2025-06-19 10:16:35.285797
870,159,137,rs-89,172.31.183.1,27,interface,490,Assyst 796952 25/09/2018 RBA,,,2025-06-19 10:16:35.285797
871,159,137,rs-85,172.31.182.129,27,interface,486,CHG0031572 20190425 kko,,,2025-06-19 10:16:35.285797
872,159,137,rs-87,172.31.182.193,27,interface,488,CHG0031572 20190425 kko,,,2025-06-19 10:16:35.285797
873,159,137,rs-90,172.31.182.33,27,interface,483,CHG0031572 20190425 kko,,,2025-06-19 10:16:35.285797
874,159,137,rs-93,172.31.183.129,27,interface,494,CHG0031572 20190425 kko,,,2025-06-19 10:16:35.285797
875,159,137,rs-86,172.31.182.161,27,interface,487,CHG0031572 20190425 kko,,,2025-06-19 10:16:35.285797
876,159,137,rs-92,172.31.183.97,27,interface,493,CTASK0014538  20190926 rba,,,2025-06-19 10:16:35.285797
877,159,137,rs-95,172.31.183.193,27,interface,496,CHG0031704,,,2025-06-19 10:16:35.285797
878,159,137,rs-94,172.31.183.161,27,interface,495,CHG0031660,,,2025-06-19 10:16:35.285797
879,159,136,shared-it,172.16.0.54,29,interface,913,*** To Shared-IT ***,,,2025-06-19 10:16:35.285797
880,159,137,ExosApp-POST,172.31.167.254,25,interface,605,,,,2025-06-19 10:16:35.285797
881,159,137,Omnis-badgeread,172.31.166.254,24,interface,604,,,,2025-06-19 10:16:35.285797
882,159,136,cust-shared_1,172.16.0.57,29,interface,1915,p2p_cust-shared_link1,,,2025-06-19 10:16:35.285797
883,159,136,cust-shared_2,172.16.0.65,29,interface,1916,p2p_cust_shared_link2,,,2025-06-19 10:16:35.285797
884,159,137,rs-103,172.31.187.193,27,interface,553,CHG0031805_SEE_OMU_at_CT_Gare,,,2025-06-19 10:16:35.285797
885,159,137,rs-104,172.31.187.225,27,interface,554,CHG0031805_SEE_OMU_at_CT_Esch,,,2025-06-19 10:16:35.285797
886,159,136,loopback0,1.1.1.253,32,loopback,,None,,,2025-06-19 10:16:35.285797
887,161,142,lb_ztp_oam,10.123.31.1,32,loopback,,None,,,2025-06-19 10:16:35.285797
888,167,148,lb_ztp_oam,10.123.30.1,32,loopback,,None,,,2025-06-19 10:16:35.285797
889,173,153,p2p_esx-lab-2,192.168.11.1,24,interface,3425,,,,2025-06-19 10:16:35.285797
890,173,151,lb_2g,10.123.60.0,32,loopback,,None,,,2025-06-19 10:16:35.285797
891,179,157,pub_lo1,37.157.157.225,32,loopback,,None,,,2025-06-19 10:16:35.285797
892,179,157,pub_lo2,37.157.157.226,32,loopback,,None,,,2025-06-19 10:16:35.285797
893,181,159,pub_lo1,37.157.157.225,32,loopback,,None,,,2025-06-19 10:16:35.285797
894,181,159,pub_lo2,37.157.157.226,32,loopback,,None,,,2025-06-19 10:16:35.285797
895,126,181,pacs-vrf,213.166.34.6,29,interface,2275,,,,2025-06-19 10:16:35.285797
896,126,181,pacs-wan1,213.166.34.46,29,interface,2417,,,,2025-06-19 10:16:35.285797
897,126,161,crAgricole-vrf,213.166.34.6,29,interface,2278,,,,2025-06-19 10:16:35.285797
898,126,161,crAgricole-wan1,213.166.34.38,29,interface,2478,,,,2025-06-19 10:16:35.285797
899,126,161,evr-crAgricole1,37.157.156.198,29,interface,2622,,,,2025-06-19 10:16:35.285797
900,126,162,Contrail-tests,172.16.2.1,29,interface,301,,,,2025-06-19 10:16:35.285797
901,126,162,evr-vpc35-0,37.157.156.217,29,interface,2635,,,,2025-06-19 10:16:35.285797
902,126,168,vpc35-vrf,213.166.34.6,29,interface,2035,,,,2025-06-19 10:16:35.285797
903,126,168,evr-vpc35-1,37.157.156.222,29,interface,2635,,,,2025-06-19 10:16:35.285797
904,126,165,evr-iaas017,37.157.154.126,28,interface,2686,,,,2025-06-19 10:16:35.285797
905,126,165,iaas017-vrf,213.166.34.6,29,interface,2017,,,,2025-06-19 10:16:35.285797
906,126,162,evr-iaas017_0,37.157.154.113,28,interface,2686,,,,2025-06-19 10:16:35.285797
907,126,178,iaas070-vrf,213.166.34.6,29,interface,2070,,,,2025-06-19 10:16:35.285797
908,126,178,evr-iaas0701,37.157.156.62,29,interface,2626,,,,2025-06-19 10:16:35.285797
909,126,178,iaas070-wan1,213.166.34.38,29,interface,2732,IPVPN 1271100367 / 1281104565,,,2025-06-19 10:16:35.285797
910,126,162,evr-iaas070-0,37.157.156.57,29,interface,2626,,,,2025-06-19 10:16:35.285797
911,126,170,evr-iaas0371,37.157.155.142,28,interface,2644,,,,2025-06-19 10:16:35.285797
912,126,170,iaas037-vrf,213.166.34.6,29,interface,2037,,,,2025-06-19 10:16:35.285797
913,126,170,iaas037-wan1,10.1.1.254,24,interface,2756,,,,2025-06-19 10:16:35.285797
914,126,162,evr-iaas0370,37.157.155.129,28,interface,2644,,,,2025-06-19 10:16:35.285797
915,126,166,evr-iaas0241,78.141.187.190,29,interface,2670,,,,2025-06-19 10:16:35.285797
916,126,166,iaas024-vrf,213.166.34.6,29,interface,2024,,,,2025-06-19 10:16:35.285797
917,126,162,evr-iaas0240,78.141.187.185,29,interface,2670,,,,2025-06-19 10:16:35.285797
918,126,177,iaas069-vrf,213.166.34.6,29,interface,2069,,,,2025-06-19 10:16:35.285797
919,126,177,iaas069-wan1,213.166.34.38,29,interface,2759,,,,2025-06-19 10:16:35.285797
920,126,177,evr-iaas0691,37.157.156.30,29,interface,2629,,,,2025-06-19 10:16:35.285797
921,126,177,iaas069-wan2,10.43.0.1,16,interface,2762,iaas069_to_Sigi_through_VPRN_40066_3rdParty,,,2025-06-19 10:16:35.285797
922,126,162,evr-iaas0690,37.157.156.25,29,interface,2629,,,,2025-06-19 10:16:35.285797
923,126,172,iaas055-vrf,213.166.34.6,29,interface,2055,,,,2025-06-19 10:16:35.285797
924,126,172,evr-iaas0551,37.157.155.94,29,interface,2648,,,,2025-06-19 10:16:35.285797
925,126,162,evr-iaas0550,37.157.155.89,29,interface,2648,,,,2025-06-19 10:16:35.285797
926,126,162,evr-iaas0140,37.157.154.97,28,interface,2684,,,,2025-06-19 10:16:35.285797
927,126,164,evr-iaas0141,37.157.154.110,28,interface,2684,,,,2025-06-19 10:16:35.285797
928,126,164,iaas014-vrf,213.166.34.6,29,interface,2014,,,,2025-06-19 10:16:35.285797
929,126,175,iaas067-wan1,213.166.34.38,29,interface,2757,,,,2025-06-19 10:16:35.285797
930,126,175,evr-iaas0671,37.157.156.22,29,interface,2630,,,,2025-06-19 10:16:35.285797
931,126,175,iaas067-vrf,213.166.34.6,29,interface,2067,,,,2025-06-19 10:16:35.285797
932,126,162,evr-iaas0670,37.157.156.17,29,interface,2630,,,,2025-06-19 10:16:35.285797
933,126,169,iaas036-vrf,213.166.34.6,29,interface,2036,,,,2025-06-19 10:16:35.285797
934,126,169,evr-iaas0361,37.157.154.198,29,interface,2696,,,,2025-06-19 10:16:35.285797
935,126,169,iaas036-wan1,192.168.224.1,30,interface,2743,ELAN 1273100229 / Site 1283102936 / SAM 30556,,,2025-06-19 10:16:35.285797
936,126,162,evr-iaas0360,37.157.154.193,29,interface,2696,,,,2025-06-19 10:16:35.285797
937,126,179,iaas077-vrf,213.166.34.6,29,interface,2077,,,,2025-06-19 10:16:35.285797
938,126,179,evr-iaas0771,37.157.154.174,29,interface,2625,,,,2025-06-19 10:16:35.285797
939,126,179,iaas077-wan1,213.166.34.38,29,interface,2760,,,,2025-06-19 10:16:35.285797
940,126,173,iaas062-vrf,213.166.34.6,29,interface,2062,,,,2025-06-19 10:16:35.285797
941,126,173,evr-iaas0621,37.157.155.182,29,interface,2639,,,,2025-06-19 10:16:35.285797
942,126,173,iaas062-wan1,213.166.34.38,29,interface,2758,IPVPN 1271100337 / Site 1281104200 / SAM 30686,,,2025-06-19 10:16:35.285797
943,126,162,evr-iaas0770,37.157.154.169,29,interface,2625,,,,2025-06-19 10:16:35.285797
944,126,162,evr-iaas0620,37.157.155.177,29,interface,2639,,,,2025-06-19 10:16:35.285797
945,126,180,iaas078-vrf,213.166.34.6,29,interface,2078,,,,2025-06-19 10:16:35.285797
946,126,180,iaas078-wan1,213.166.34.38,29,interface,2478,,,,2025-06-19 10:16:35.285797
947,126,180,evr-iaas0781,37.157.156.198,29,interface,2622,,,,2025-06-19 10:16:35.285797
948,126,162,evr-iaas0780,37.157.156.193,29,interface,2622,,,,2025-06-19 10:16:35.285797
949,126,174,iaas066-vrf,213.166.34.6,29,interface,2066,,,,2025-06-19 10:16:35.285797
950,126,174,evr-kpmg1,37.157.155.246,29,interface,2632,,,,2025-06-19 10:16:35.285797
951,126,171,iaas038-vrf,213.166.34.6,29,interface,2038,1287010038,,,2025-06-19 10:16:35.285797
952,126,171,evr-iaas0381,37.157.155.150,29,interface,2645,,,,2025-06-19 10:16:35.285797
953,126,171,iaas038-wan1,192.168.18.22,30,interface,2755,ELAN 1273100282 / Site 1283104664 / SAM 30680,,,2025-06-19 10:16:35.285797
954,126,162,evr-iaas0380,37.157.155.145,29,interface,2645,,,,2025-06-19 10:16:35.285797
955,126,162,evr-kpmg0,37.157.155.241,29,interface,2632,,,,2025-06-19 10:16:35.285797
956,126,163,evr-pandom1,37.157.154.46,29,interface,2681,,,,2025-06-19 10:16:35.285797
957,126,163,iaas009-vrf,213.166.34.6,29,interface,2009,,,,2025-06-19 10:16:35.285797
958,126,163,iaas009-wan1,213.166.34.38,29,interface,2753,,,,2025-06-19 10:16:35.285797
959,126,162,evr-iaas009,37.157.154.41,29,interface,2681,,,,2025-06-19 10:16:35.285797
960,126,162,evr-iaas1070,37.157.157.169,29,interface,2798,,,,2025-06-19 10:16:35.285797
961,126,176,iaas068-wan1,213.166.34.38,29,interface,2410,,,,2025-06-19 10:16:35.285797
962,126,176,evr-iaas0681,37.157.156.46,28,interface,2628,,,,2025-06-19 10:16:35.285797
963,126,162,evr-iaas0680,37.157.156.33,28,interface,2628,,,,2025-06-19 10:16:35.285797
964,126,176,iaas068-vrf,213.166.34.6,29,interface,2068,,,,2025-06-19 10:16:35.285797
965,126,167,evr-iaas0331,37.157.154.222,28,interface,2695,,,,2025-06-19 10:16:35.285797
966,126,167,iaas033-vrf,213.166.34.6,29,interface,2033,,,,2025-06-19 10:16:35.285797
967,126,167,iaas033-wan1,10.49.1.254,24,interface,2748,ELAN 1273100238 / Site 1283103516 / SAM 30581,,,2025-06-19 10:16:35.285797
968,126,162,evr-iaas0330,37.157.154.209,28,interface,2695,,,,2025-06-19 10:16:35.285797
969,126,171,iaas038-lo1,194.154.217.41,32,loopback,,None,,,2025-06-19 10:16:35.285797
970,206,204,pacs-vrf,213.166.34.6,29,interface,2275,,,,2025-06-19 10:16:35.285797
971,206,204,pacs-wan1,213.166.34.46,29,interface,2417,,,,2025-06-19 10:16:35.285797
972,206,184,crAgricole-vrf,213.166.34.6,29,interface,2278,,,,2025-06-19 10:16:35.285797
973,206,184,crAgricole-wan1,213.166.34.38,29,interface,2478,,,,2025-06-19 10:16:35.285797
974,206,184,evr-crAgricole1,37.157.156.198,29,interface,2622,,,,2025-06-19 10:16:35.285797
975,206,185,Contrail-tests,172.16.2.1,29,interface,301,,,,2025-06-19 10:16:35.285797
976,206,185,evr-vpc35-0,37.157.156.217,29,interface,2635,,,,2025-06-19 10:16:35.285797
977,206,191,vpc35-vrf,213.166.34.6,29,interface,2035,,,,2025-06-19 10:16:35.285797
978,206,191,evr-vpc35-1,37.157.156.222,29,interface,2635,,,,2025-06-19 10:16:35.285797
979,206,188,evr-iaas017,37.157.154.126,28,interface,2686,,,,2025-06-19 10:16:35.285797
980,206,188,iaas017-vrf,213.166.34.6,29,interface,2017,,,,2025-06-19 10:16:35.285797
981,206,185,evr-iaas017_0,37.157.154.113,28,interface,2686,,,,2025-06-19 10:16:35.285797
982,206,201,iaas070-vrf,213.166.34.6,29,interface,2070,,,,2025-06-19 10:16:35.285797
983,206,201,evr-iaas0701,37.157.156.62,29,interface,2626,,,,2025-06-19 10:16:35.285797
984,206,201,iaas070-wan1,213.166.34.38,29,interface,2732,IPVPN 1271100367 / 1281104565,,,2025-06-19 10:16:35.285797
985,206,185,evr-iaas070-0,37.157.156.57,29,interface,2626,,,,2025-06-19 10:16:35.285797
986,206,193,evr-iaas0371,37.157.155.142,28,interface,2644,,,,2025-06-19 10:16:35.285797
987,206,193,iaas037-vrf,213.166.34.6,29,interface,2037,,,,2025-06-19 10:16:35.285797
988,206,193,iaas037-wan1,10.1.1.254,24,interface,2756,,,,2025-06-19 10:16:35.285797
989,206,185,evr-iaas0370,37.157.155.129,28,interface,2644,,,,2025-06-19 10:16:35.285797
990,206,189,evr-iaas0241,78.141.187.190,29,interface,2670,,,,2025-06-19 10:16:35.285797
991,206,189,iaas024-vrf,213.166.34.6,29,interface,2024,,,,2025-06-19 10:16:35.285797
992,206,185,evr-iaas0240,78.141.187.185,29,interface,2670,,,,2025-06-19 10:16:35.285797
993,206,200,iaas069-vrf,213.166.34.6,29,interface,2069,,,,2025-06-19 10:16:35.285797
994,206,200,iaas069-wan1,213.166.34.38,29,interface,2759,,,,2025-06-19 10:16:35.285797
995,206,200,evr-iaas0691,37.157.156.30,29,interface,2629,,,,2025-06-19 10:16:35.285797
996,206,200,iaas069-wan2,10.43.0.1,16,interface,2762,iaas069_to_Sigi_through_VPRN_40066_3rdParty,,,2025-06-19 10:16:35.285797
997,206,185,evr-iaas0690,37.157.156.25,29,interface,2629,,,,2025-06-19 10:16:35.285797
998,206,195,iaas055-vrf,213.166.34.6,29,interface,2055,,,,2025-06-19 10:16:35.285797
999,206,195,evr-iaas0551,37.157.155.94,29,interface,2648,,,,2025-06-19 10:16:35.285797
1000,206,185,evr-iaas0550,37.157.155.89,29,interface,2648,,,,2025-06-19 10:16:35.285797
1001,206,185,evr-iaas0140,37.157.154.97,28,interface,2684,,,,2025-06-19 10:16:35.285797
1002,206,187,evr-iaas0141,37.157.154.110,28,interface,2684,,,,2025-06-19 10:16:35.285797
1003,206,187,iaas014-vrf,213.166.34.6,29,interface,2014,,,,2025-06-19 10:16:35.285797
1004,206,198,evr-iaas0671,37.157.156.22,29,interface,2630,,,,2025-06-19 10:16:35.285797
1005,206,198,iaas067-vrf,213.166.34.6,29,interface,2067,,,,2025-06-19 10:16:35.285797
1006,206,198,iaas067-wan1,213.166.34.38,29,interface,2757,,,,2025-06-19 10:16:35.285797
1007,206,185,evr-iaas0670,37.157.156.17,29,interface,2630,,,,2025-06-19 10:16:35.285797
1008,206,192,iaas036-vrf,213.166.34.6,29,interface,2036,,,,2025-06-19 10:16:35.285797
1009,206,192,evr-iaas0361,37.157.154.198,29,interface,2696,,,,2025-06-19 10:16:35.285797
1010,206,192,iaas036-wan1,192.168.224.1,30,interface,2743,ELAN 1273100229 / Site 1283102936 / SAM 30556,,,2025-06-19 10:16:35.285797
1011,206,185,evr-iaas0360,37.157.154.193,29,interface,2696,,,,2025-06-19 10:16:35.285797
1012,206,202,iaas077-vrf,213.166.34.6,29,interface,2077,,,,2025-06-19 10:16:35.285797
1013,206,202,evr-iaas0771,37.157.154.174,29,interface,2625,,,,2025-06-19 10:16:35.285797
1014,206,202,iaas077-wan1,213.166.34.38,29,interface,2760,,,,2025-06-19 10:16:35.285797
1015,206,196,iaas062-vrf,213.166.34.6,29,interface,2062,,,,2025-06-19 10:16:35.285797
1016,206,196,evr-iaas0621,37.157.155.182,29,interface,2639,,,,2025-06-19 10:16:35.285797
1017,206,196,iaas062-wan1,213.166.34.38,29,interface,2758,IPVPN 1271100337 / Site 1281104200 / SAM 30686,,,2025-06-19 10:16:35.285797
1018,206,185,evr-iaas0770,37.157.154.169,29,interface,2625,,,,2025-06-19 10:16:35.285797
1019,206,185,evr-iaas0620,37.157.155.177,29,interface,2639,,,,2025-06-19 10:16:35.285797
1020,206,203,evr-iaas0781,37.157.156.198,29,interface,2622,,,,2025-06-19 10:16:35.285797
1021,206,203,iaas078-vrf,213.166.34.6,29,interface,2078,,,,2025-06-19 10:16:35.285797
1022,206,203,iaas078-wan1,213.166.34.38,29,interface,2478,,,,2025-06-19 10:16:35.285797
1023,206,185,evr-iaas0780,37.157.156.193,29,interface,2622,,,,2025-06-19 10:16:35.285797
1024,206,197,iaas066-vrf,213.166.34.6,29,interface,2066,,,,2025-06-19 10:16:35.285797
1025,206,197,evr-kpmg1,37.157.155.246,29,interface,2632,,,,2025-06-19 10:16:35.285797
1026,206,194,iaas038-vrf,213.166.34.6,29,interface,2038,1287010038,,,2025-06-19 10:16:35.285797
1027,206,194,evr-iaas0381,37.157.155.150,29,interface,2645,,,,2025-06-19 10:16:35.285797
1028,206,194,iaas038-wan1,192.168.18.22,30,interface,2755,ELAN 1273100282 / Site 1283104664 / SAM 30680,,,2025-06-19 10:16:35.285797
1029,206,185,evr-iaas0380,37.157.155.145,29,interface,2645,,,,2025-06-19 10:16:35.285797
1030,206,185,evr-kpmg0,37.157.155.241,29,interface,2632,,,,2025-06-19 10:16:35.285797
1031,206,186,evr-pandom1,37.157.154.46,29,interface,2681,,,,2025-06-19 10:16:35.285797
1032,206,186,iaas009-vrf,213.166.34.6,29,interface,2009,,,,2025-06-19 10:16:35.285797
1033,206,186,iaas009-wan1,213.166.34.38,29,interface,2753,,,,2025-06-19 10:16:35.285797
1034,206,185,evr-iaas009,37.157.154.41,29,interface,2681,,,,2025-06-19 10:16:35.285797
1035,206,185,evr-iaas1070,37.157.157.169,29,interface,2798,,,,2025-06-19 10:16:35.285797
1036,206,199,iaas068-wan1,213.166.34.38,29,interface,2410,,,,2025-06-19 10:16:35.285797
1037,206,199,evr-iaas0681,37.157.156.46,28,interface,2628,,,,2025-06-19 10:16:35.285797
1038,206,185,evr-iaas0680,37.157.156.33,28,interface,2628,,,,2025-06-19 10:16:35.285797
1039,206,199,iaas068-vrf,213.166.34.6,29,interface,2068,,,,2025-06-19 10:16:35.285797
1040,206,190,evr-iaas0331,37.157.154.222,28,interface,2695,,,,2025-06-19 10:16:35.285797
1041,206,190,iaas033-vrf,213.166.34.6,29,interface,2033,,,,2025-06-19 10:16:35.285797
1042,206,190,iaas033-wan1,10.49.1.254,24,interface,2748,ELAN 1273100238 / Site 1283103516 / SAM 30581,,,2025-06-19 10:16:35.285797
1043,206,185,evr-iaas0330,37.157.154.209,28,interface,2695,,,,2025-06-19 10:16:35.285797
1044,206,194,iaas038-lo1,194.154.217.41,32,loopback,,None,,,2025-06-19 10:16:35.285797