-- Create tables in correct dependency order
-- 1. firewalls (no dependencies)
create table public.firewalls (
  firewall_id serial not null,
  fw_name text not null,
  fw_ip text not null,
  fmg_ip text null,
  faz_ip text null,
  site text null,
  last_updated timestamp without time zone null default CURRENT_TIMESTAMP,
  constraint firewalls_pkey primary key (firewall_id),
  constraint uq_fw_name unique (fw_name),
  constraint uq_fw_ip unique (fw_ip)
) TABLESPACE pg_default;

create index IF not exists idx_firewalls_fw_name on public.firewalls using btree (fw_name) TABLESPACE pg_default;

-- Sample firewall data
INSERT INTO "public"."firewalls" ("firewall_id", "fw_name", "fw_ip", "fmg_ip", "faz_ip", "site", "last_updated") VALUES ('1', 'FGT-Mobile-Gare', '192.168.10.172', 'None', '192.168.10.133', null, '2025-06-19 09:36:32.766913'), ('9', 'FGT-DSL-Gare', '192.168.10.173', 'None', '192.168.10.133', null, '2025-06-19 09:36:32.776872'), ('12', 'FGT-CXPLAT-Kirchberg', '192.168.10.175', 'None', '192.168.10.133', null, '2025-06-19 09:36:32.792215'), ('14', 'FGT-TPFMS-Gare', '172.29.8.112', '192.168.10.137', '192.168.10.123', null, '2025-06-19 09:36:32.82344'), ('17', 'FGT-TPFMS-Kirchberg', '172.29.8.113', '192.168.10.137', '192.168.10.123', null, '2025-06-19 09:36:32.831359'), ('20', 'FGT-EVR1-Kirchberg', '192.168.10.174', '192.168.10.137', '192.168.10.123', null, '2025-06-19 09:36:32.93931'), ('49', 'Fortigate-EVR2-Kirchberg', '192.168.10.159', '192.168.10.137', '172.29.35.11', null, '2025-06-19 09:36:32.988937'), ('63', 'FGT-M2M-Gare', '192.168.10.164', 'None', '192.168.10.123', null, '2025-06-19 09:36:33.053983'), ('88', 'FG-Hosting_Gare', '192.168.10.145', 'None', '192.168.10.123', null, '2025-06-19 09:36:33.066534'), ('93', 'FG-SC100G-Gare', '192.168.10.141', '192.168.10.137', '192.168.10.123', null, '2025-06-19 09:36:33.086762'), ('99', 'FGT-Alarmis-Gare', '192.168.10.167', '192.168.10.137', '192.168.10.123', null, '2025-06-19 09:36:33.098962'), ('103', 'FGT-DP-Gare', '192.168.10.168', '192.168.10.137', '192.168.10.123', null, '2025-06-19 09:36:33.107767'), ('106', 'G68-FW-200D', '192.168.10.163', '192.168.10.166', '192.168.10.161', null, '2025-06-19 09:36:33.141427'), ('116', 'G91-FW-1500D', '192.168.10.162', '192.168.10.166', '192.168.10.161', null, '2025-06-19 09:36:33.172794'), ('126', 'BZ11-FW-Tier4', '172.29.126.138', '192.168.10.137', '172.29.35.11', null, '2025-06-19 09:36:33.623259'), ('149', 'BZ0110-FW-800D-TEST', '172.29.35.21', '192.168.10.137', '172.29.35.11', null, '2025-06-19 09:36:33.281159'), ('152', 'BZ0110-FW-800D-PROD', '172.29.35.41', '192.168.10.137', '172.29.35.11', null, '2025-06-19 09:36:33.30308'), ('157', 'LE12-FW-FG601', '172.16.1.54', 'None', 'None', null, '2025-06-19 09:36:33.309676'), ('159', 'RBZ13-FW-FG601', '172.16.0.54', 'None', 'None', null, '2025-06-19 09:36:33.318001'), ('161', 'FW-NA-RCSD01-01-SecGW', '172.16.63.140', '172.29.70.140', '172.29.70.130', null, '2025-06-19 09:36:33.359703'), ('167', 'FW-NB-RCED02-01-SecGW', '172.16.63.141', '172.29.70.140', '172.29.70.130', null, '2025-06-19 09:36:33.409864'), ('173', 'FW-NB-RCSD07-01-SecGW', '172.16.63.139', '172.29.70.140', '172.29.70.130', null, '2025-06-19 09:36:33.435427'), ('179', 'FW-RCEC01-01-1100', '172.29.69.143', '172.29.70.140', '172.29.70.130', null, '2025-06-19 09:36:33.445391'), ('181', 'FW-RCSC01-01-1100', '172.29.70.143', '172.29.70.140', '172.29.70.130', null, '2025-06-19 09:36:33.455151'), ('206', 'KY11-FW-Tier4', '172.29.126.170', '192.168.10.137', '172.29.35.11', null, '2025-06-19 09:36:33.686293');
-- 2. vdoms (depends on firewalls)
create table public.vdoms (
  vdom_id serial not null,
  firewall_id integer not null,
  vdom_name text not null,
  vdom_index integer null,
  last_updated timestamp without time zone null default CURRENT_TIMESTAMP,
  constraint vdoms_pkey primary key (vdom_id),
  constraint uq_firewall_vdom unique (firewall_id, vdom_name),
  constraint vdoms_firewall_id_fkey foreign KEY (firewall_id) references firewalls (firewall_id) on delete CASCADE
) TABLESPACE pg_default;

create index IF not exists idx_vdoms_firewall_id on public.vdoms using btree (firewall_id) TABLESPACE pg_default;

-- Sample vdom data
INSERT INTO "public"."vdoms" ("vdom_id", "firewall_id", "vdom_name", "vdom_index", "last_updated") VALUES ('1', '1', 'root', '0', '2025-06-19 09:57:39.679812'), ('2', '1', 'dmgmt-vdom', '1', '2025-06-19 09:57:39.703316'), ('3', '1', 'mobi-vowifi', '2', '2025-06-19 09:57:39.737874'), ('4', '1', 'mobile-ipx', '3', '2025-06-19 09:57:39.761785'), ('5', '1', 'mobile-li', '4', '2025-06-19 09:57:39.79221'), ('6', '1', 'mobile-web', '5', '2025-06-19 09:57:39.814387'), ('7', '1', 'ext-radius', '9', '2025-06-19 09:57:39.973851'), ('8', '1', 'mobi-wifi', '10', '2025-06-19 09:57:40.030699'), ('9', '9', 'root', '0', '2025-06-19 09:57:40.034479'), ('10', '9', 'dmgmt-vdom', '1', '2025-06-19 09:57:40.040881'), ('11', '9', 'dsl-scan', '3', '2025-06-19 09:57:40.045252'), ('12', '12', 'root', '0', '2025-06-19 09:57:40.048888'), ('13', '12', 'dsl-mgt', '1', '2025-06-19 09:57:40.057795'), ('14', '14', 'root', '0', '2025-06-19 09:57:40.064755'), ('15', '14', 'tpfs', '1', '2025-06-19 09:57:40.083424'), ('16', '14', 'tpms', '2', '2025-06-19 09:57:40.087121'), ('17', '17', 'root', '0', '2025-06-19 09:57:40.09113'), ('18', '17', 'tpfs', '1', '2025-06-19 09:57:40.094655'), ('19', '17', 'tpms', '2', '2025-06-19 09:57:40.101134'), ('20', '20', 'root', '0', '2025-06-19 09:57:40.107154'), ('21', '20', '3play', '1', '2025-06-19 09:57:40.111147'), ('22', '20', 'alphatax', '2', '2025-06-19 09:57:40.11848'), ('23', '20', 'cse-prod', '3', '2025-06-19 09:57:40.122314'), ('24', '20', 'dis', '4', '2025-06-19 09:57:40.125832'), ('25', '20', 'dt-external', '5', '2025-06-19 09:57:40.132382'), ('26', '20', 'dt-monitor', '6', '2025-06-19 09:57:40.136756'), ('27', '20', 'evr-cloud1', '7', '2025-06-19 09:57:40.146359'), ('28', '20', 'evr-it', '8', '2025-06-19 09:57:40.149149'), ('29', '20', 'faav', '9', '2025-06-19 09:57:40.151569'), ('30', '20', 'filiales', '10', '2025-06-19 09:57:40.154367'), ('31', '20', 'headend', '11', '2025-06-19 09:57:40.158672'), ('32', '20', 'ingm', '12', '2025-06-19 09:57:40.163949'), ('33', '20', 'int_nsx-pp', '13', '2025-06-19 09:57:40.166943'), ('34', '20', 'int_vpc35', '14', '2025-06-19 09:57:40.16968'), ('35', '20', 'internet', '15', '2025-06-19 09:57:40.174965'), ('36', '20', 'iptv', '16', '2025-06-19 09:57:40.178786'), ('37', '20', 'iptvpro', '17', '2025-06-19 09:57:40.181962'), ('38', '20', 'mail-ldap', '18', '2025-06-19 09:57:40.192067'), ('39', '20', 'mcr', '19', '2025-06-19 09:57:40.195422'), ('40', '20', 'mobileiron', '20', '2025-06-19 09:57:40.198812'), ('41', '20', 'mst', '21', '2025-06-19 09:57:40.213609'), ('42', '20', 'psim', '22', '2025-06-19 09:57:40.221047'), ('43', '20', 'ptc', '23', '2025-06-19 09:57:40.225116'), ('44', '20', 'sdwan', '24', '2025-06-19 09:57:40.229594'), ('45', '20', 'shd', '25', '2025-06-19 09:57:40.236425'), ('46', '20', 'splunk-soc', '26', '2025-06-19 09:57:40.244098'), ('47', '20', 'tids', '27', '2025-06-19 09:57:40.266561'), ('48', '20', 'vew', '28', '2025-06-19 09:57:40.284818'), ('49', '49', 'root', '0', '2025-06-19 09:57:40.294318'), ('50', '49', 'arendt', '1', '2025-06-19 09:57:40.299601'), ('51', '49', 'caas-dev', '2', '2025-06-19 09:57:40.303665'), ('52', '49', 'castegnaro', '3', '2025-06-19 09:57:40.324514'), ('53', '49', 'eurofoil', '4', '2025-06-19 09:57:40.332164'), ('54', '49', 'evr-cloud1', '5', '2025-06-19 09:57:40.341859'), ('55', '49', 'healthnet', '6', '2025-06-19 09:57:40.392789'), ('56', '49', 'luxith', '7', '2025-06-19 09:57:40.406032'), ('57', '49', 'netcore', '8', '2025-06-19 09:57:40.409898'), ('58', '49', 'postcc', '9', '2025-06-19 09:57:40.417186'), ('59', '49', 'rgbackup', '10', '2025-06-19 09:57:40.420859'), ('60', '49', 'showroom', '11', '2025-06-19 09:57:40.430165'), ('61', '49', 'sigi', '12', '2025-06-19 09:57:40.433221'), ('62', '49', 'tdo', '13', '2025-06-19 09:57:40.445399'), ('63', '63', 'root', '0', '2025-06-19 09:57:40.449362'), ('64', '63', 'actoll', '1', '2025-06-19 09:57:40.461557'), ('65', '63', 'betterbell', '2', '2025-06-19 09:57:40.472898'), ('66', '63', 'bst', '3', '2025-06-19 09:57:40.477488'), ('67', '63', 'clever', '4', '2025-06-19 09:57:40.483741'), ('68', '63', 'corpuls', '5', '2025-06-19 09:57:40.490239'), ('69', '63', 'electris', '6', '2025-06-19 09:57:40.508951'), ('70', '63', 'evr-cloud1', '7', '2025-06-19 09:57:40.518859'), ('71', '63', 'hymes', '8', '2025-06-19 09:57:40.535434'), ('72', '63', 'intelematic', '9', '2025-06-19 09:57:40.540371'), ('73', '63', 'jaunedemars', '10', '2025-06-19 09:57:40.547351'), ('74', '63', 'lite', '11', '2025-06-19 09:57:40.551889'), ('75', '63', 'nayax', '12', '2025-06-19 09:57:40.556592'), ('76', '63', 'newline', '13', '2025-06-19 09:57:40.560952'), ('77', '63', 'nuvolinq', '14', '2025-06-19 09:57:40.565927'), ('78', '63', 'pfreundt', '15', '2025-06-19 09:57:40.569511'), ('79', '63', 'psa', '16', '2025-06-19 09:57:40.573873'), ('80', '63', 'shared', '17', '2025-06-19 09:57:40.58001'), ('81', '63', 'shared3a', '18', '2025-06-19 09:57:40.583457'), ('82', '63', 'sodex', '19', '2025-06-19 09:57:40.587617'), ('83', '63', 'tns', '20', '2025-06-19 09:57:40.600891'), ('84', '63', 'tooost', '21', '2025-06-19 09:57:40.622809'), ('85', '63', 'wsim-link', '22', '2025-06-19 09:57:40.629406'), ('86', '63', 'wsim-vpn', '23', '2025-06-19 09:57:40.638515'), ('87', '63', 'sono', '27', '2025-06-19 09:57:40.645197'), ('88', '88', 'dns-mgt', '4', '2025-06-19 09:57:40.65321'), ('89', '88', 'mail-res-be', '3', '2025-06-19 09:57:40.664317'), ('90', '88', 'dmz-fe', '2', '2025-06-19 09:57:40.676893'), ('91', '88', 'mail-crp-be', '1', '2025-06-19 09:57:40.68255'), ('92', '88', 'root', '0', '2025-06-19 09:57:40.687117'), ('93', '93', 'supercore', '6', '2025-06-19 09:57:40.692229'), ('94', '93', 'huawei-atic', '5', '2025-06-19 09:57:40.69946'), ('95', '93', 'evr-lab1', '4', '2025-06-19 09:57:40.703645'), ('96', '93', 'evr-cloud1', '3', '2025-06-19 09:57:40.708384'), ('97', '93', 'dmgmt-vdom', '1', '2025-06-19 09:57:40.71525'), ('98', '93', 'root', '0', '2025-06-19 09:57:40.719807'), ('99', '99', 'root', '0', '2025-06-19 09:57:40.72456'), ('100', '99', 'dmgmt-vdom', '1', '2025-06-19 09:57:40.733394'), ('101', '99', 'alarmis', '2', '2025-06-19 09:57:40.73634'), ('102', '99', 'evr-cloud1', '3', '2025-06-19 09:57:40.739227'), ('103', '103', 'root', '0', '2025-06-19 09:57:40.755338'), ('104', '103', 'dp', '1', '2025-06-19 09:57:40.759903'), ('105', '103', 'evr-cloud1', '2', '2025-06-19 09:57:40.765295'), ('106', '106', 'uat1', '9', '2025-06-19 09:57:40.777111'), ('107', '106', 'temp', '8', '2025-06-19 09:57:40.779938'), ('108', '106', 'ptech-mno', '7', '2025-06-19 09:57:40.782332'), ('109', '106', 'prod', '6', '2025-06-19 09:57:40.786247'), ('110', '106', 'others', '5', '2025-06-19 09:57:40.803477'), ('111', '106', 'mno1', '4', '2025-06-19 09:57:40.806403'), ('112', '106', 'internet', '3', '2025-06-19 09:57:40.809061'), ('113', '106', 'external', '2', '2025-06-19 09:57:40.812275'), ('114', '106', 'dmgmt-vdom', '1', '2025-06-19 09:57:40.815345'), ('115', '106', 'root', '0', '2025-06-19 09:57:40.81992'), ('116', '116', 'root', '0', '2025-06-19 09:57:40.822965'), ('117', '116', 'dmgmt-vdom', '1', '2025-06-19 09:57:40.825568'), ('118', '116', 'internal', '2', '2025-06-19 09:57:40.827997'), ('119', '116', 'jiway', '3', '2025-06-19 09:57:40.830747'), ('120', '116', 'management', '4', '2025-06-19 09:57:40.833866'), ('121', '116', 'preprod', '5', '2025-06-19 09:57:40.837087'), ('122', '116', 'prod', '6', '2025-06-19 09:57:40.839989'), ('123', '116', 'ptech-mno', '7', '2025-06-19 09:57:40.84264'), ('124', '116', 'temp', '8', '2025-06-19 09:57:40.847671'), ('125', '116', 'uat1', '9', '2025-06-19 09:57:40.851353'), ('126', '149', 'root', '0', '2025-06-19 09:57:40.85434'), ('127', '149', 'esm', '1', '2025-06-19 09:57:40.868035'), ('128', '149', 'evr-cloud1', '2', '2025-06-19 09:57:40.871124'), ('129', '152', 'root', '0', '2025-06-19 09:57:40.873913'), ('130', '152', 'esm', '1', '2025-06-19 09:57:40.881351'), ('131', '152', 'evr-cloud1', '2', '2025-06-19 09:57:40.884455'), ('132', '152', 'murex', '3', '2025-06-19 09:57:40.887013'), ('133', '152', 'swift', '4', '2025-06-19 09:57:40.889553'), ('134', '157', 'root', '0', '2025-06-19 09:57:40.893124'), ('135', '157', 'renita', '1', '2025-06-19 09:57:40.896441'), ('136', '159', 'root', '0', '2025-06-19 09:57:40.899029'), ('137', '159', 'renita', '1', '2025-06-19 09:57:40.901608'), ('138', '161', 'root', '0', '2025-06-19 09:57:40.920217'), ('139', '161', 'ran_2g', '1', '2025-06-19 09:57:40.925471'), ('140', '161', 'ran_3g', '2', '2025-06-19 09:57:40.928489'), ('141', '161', 'ran_4g_5g', '3', '2025-06-19 09:57:40.9312'), ('142', '161', 'ran_oam', '4', '2025-06-19 09:57:40.93377'), ('143', '161', 'ran_untrust', '5', '2025-06-19 09:57:40.966696'), ('144', '167', 'root', '0', '2025-06-19 09:57:40.970086'), ('145', '167', 'ran_2g', '1', '2025-06-19 09:57:40.973213'), ('146', '167', 'ran_3g', '2', '2025-06-19 09:57:40.976135'), ('147', '167', 'ran_4g_5g', '3', '2025-06-19 09:57:40.978535'), ('148', '167', 'ran_oam', '4', '2025-06-19 09:57:40.981349'), ('149', '167', 'ran_untrust', '5', '2025-06-19 09:57:40.984746'), ('150', '173', 'root', '0', '2025-06-19 09:57:40.987584'), ('151', '173', 'ran_2g', '1', '2025-06-19 09:57:40.990201'), ('152', '173', 'ran_3g', '2', '2025-06-19 09:57:40.992659'), ('153', '173', 'ran_4g_5g', '3', '2025-06-19 09:57:40.995153'), ('154', '173', 'ran_oam', '4', '2025-06-19 09:57:40.998713'), ('155', '173', 'ran_untrust', '5', '2025-06-19 09:57:41.002372'), ('156', '179', 'root', '0', '2025-06-19 09:57:41.005181'), ('157', '179', 't4external', '1', '2025-06-19 09:57:41.007911'), ('158', '181', 'root', '0', '2025-06-19 09:57:41.013365'), ('159', '181', 't4external', '1', '2025-06-19 09:57:41.016387'), ('160', '126', 'root', '0', '2025-06-19 09:57:41.019164'), ('161', '126', 'crAgricole', '1', '2025-06-19 09:57:41.021925'), ('162', '126', 'evr-cloud1', '2', '2025-06-19 09:57:41.02481'), ('163', '126', 'iaas009', '3', '2025-06-19 09:57:41.028436'), ('164', '126', 'iaas014', '4', '2025-06-19 09:57:41.031392'), ('165', '126', 'iaas017', '5', '2025-06-19 09:57:41.034143'), ('166', '126', 'iaas024', '6', '2025-06-19 09:57:41.036534'), ('167', '126', 'iaas033', '7', '2025-06-19 09:57:41.039001'), ('168', '126', 'iaas035', '8', '2025-06-19 09:57:41.042437'), ('169', '126', 'iaas036', '9', '2025-06-19 09:57:41.045711'), ('170', '126', 'iaas037', '10', '2025-06-19 09:57:41.048268'), ('171', '126', 'iaas038', '11', '2025-06-19 09:57:41.050772'), ('172', '126', 'iaas055', '12', '2025-06-19 09:57:41.053366'), ('173', '126', 'iaas062', '13', '2025-06-19 09:57:41.055736'), ('174', '126', 'iaas066', '14', '2025-06-19 09:57:41.059162'), ('175', '126', 'iaas067', '15', '2025-06-19 09:57:41.062023'), ('176', '126', 'iaas068', '16', '2025-06-19 09:57:41.064637'), ('177', '126', 'iaas069', '17', '2025-06-19 09:57:41.066918'), ('178', '126', 'iaas070', '18', '2025-06-19 09:57:41.069441'), ('179', '126', 'iaas077', '19', '2025-06-19 09:57:41.073195'), ('180', '126', 'iaas078', '20', '2025-06-19 09:57:41.07613'), ('181', '126', 'pacs', '22', '2025-06-19 09:57:41.078772'), ('182', '126', 'vitislife', '23', '2025-06-19 09:57:41.08156'), ('183', '206', 'root', '0', '2025-06-19 09:57:41.08455'), ('184', '206', 'crAgricole', '1', '2025-06-19 09:57:41.09066'), ('185', '206', 'evr-cloud1', '2', '2025-06-19 09:57:41.094597'), ('186', '206', 'iaas009', '3', '2025-06-19 09:57:41.098489'), ('187', '206', 'iaas014', '4', '2025-06-19 09:57:41.106976'), ('188', '206', 'iaas017', '5', '2025-06-19 09:57:41.11549'), ('189', '206', 'iaas024', '6', '2025-06-19 09:57:41.120488'), ('190', '206', 'iaas033', '7', '2025-06-19 09:57:41.124178'), ('191', '206', 'iaas035', '8', '2025-06-19 09:57:41.127311'), ('192', '206', 'iaas036', '9', '2025-06-19 09:57:41.13051'), ('193', '206', 'iaas037', '10', '2025-06-19 09:57:41.134538'), ('194', '206', 'iaas038', '11', '2025-06-19 09:57:41.138174'), ('195', '206', 'iaas055', '12', '2025-06-19 09:57:41.154586'), ('196', '206', 'iaas062', '13', '2025-06-19 09:57:41.157988'), ('197', '206', 'iaas066', '14', '2025-06-19 09:57:41.161013'), ('198', '206', 'iaas067', '15', '2025-06-19 09:57:41.166187'), ('199', '206', 'iaas068', '16', '2025-06-19 09:57:41.170494'), ('200', '206', 'iaas069', '17', '2025-06-19 09:57:41.173321'), ('201', '206', 'iaas070', '18', '2025-06-19 09:57:41.176177'), ('202', '206', 'iaas077', '19', '2025-06-19 09:57:41.1799'), ('203', '206', 'iaas078', '20', '2025-06-19 09:57:41.182908'), ('204', '206', 'pacs', '22', '2025-06-19 09:57:41.185892'), ('205', '206', 'vitislife', '23', '2025-06-19 09:57:41.18819');
-- 3. interfaces (depends on vdoms)
create table public.interfaces (
  interface_id serial not null,
  firewall_id integer not null,
  vdom_id integer null,
  interface_name text not null,
  ip_address text null,
  mask text null,
  type text not null,
  vlan_id integer null,
  description text null,
  status text null,
  physical_interface_name text null,
  last_updated timestamp without time zone null default CURRENT_TIMESTAMP,
  constraint interfaces_pkey primary key (interface_id),
  constraint uq_firewall_vdom_interface unique (firewall_id, vdom_id, interface_name),
  constraint interfaces_firewall_id_fkey foreign KEY (firewall_id) references firewalls (firewall_id) on delete CASCADE,
  constraint interfaces_vdom_id_fkey foreign KEY (vdom_id) references vdoms (vdom_id) on delete CASCADE
) TABLESPACE pg_default;

create index IF not exists idx_interfaces_firewall_id on public.interfaces using btree (firewall_id) TABLESPACE pg_default;
create index IF not exists idx_interfaces_vdom_id on public.interfaces using btree (vdom_id) TABLESPACE pg_default;

-- Sample interface data
INSERT INTO "public"."interfaces" ("interface_id", "firewall_id", "vdom_id", "interface_name", "ip_address", "mask", "type", "vlan_id", "description", "status", "physical_interface_name", "last_updated") VALUES ('73', '1', '4', 'mgrx-int', '172.16.253.1', '29', 'interface', '2601', ' mgrx-int', 'up', null, '2025-06-30 21:50:10.696063'), ('74', '1', '4', 'mgrx-ext', '172.16.253.9', '29', 'interface', '2602', ' mgrx-ext', 'up', null, '2025-06-30 21:50:10.696063'), ('75', '1', '6', 'mweb-wap-int', '192.168.101.125', '28', 'interface', '3349', null, 'down', null, '2025-06-30 21:50:10.696063'), ('76', '1', '6', 'mweb-bberry', '172.16.253.41', '29', 'interface', '2607', null, 'up', null, '2025-06-30 21:50:10.696063'), ('77', '1', '4', 'mgrx-s6a-int', '172.16.253.49', '29', 'interface', '2606', ' mgrx-s6a-int', 'up', null, '2025-06-30 21:50:10.696063'), ('78', '1', '6', 'mweb-sigtran', '172.16.253.25', '29', 'interface', '2608', ' mweb-sigtran', 'up', null, '2025-06-30 21:50:10.696063'), ('79', '1', '6', 'mweb-ntp-int', '192.168.100.190', '28', 'interface', '3385', null, 'unknown', null, '2025-06-30 21:50:10.696063'), ('80', '1', '5', 'mli-x-int', '172.27.3.158', '27', 'interface', '3050', 'mli-x-int', 'up', null, '2025-06-30 21:50:10.696063'), ('81', '1', '5', 'mli-hi-int', '172.27.3.225', '27', 'interface', '3038', 'mli-hi-int', 'up', null, '2025-06-30 21:50:10.696063'), ('82', '1', '5', 'mli-broad-soft', '192.168.195.103', '24', 'interface', '3470', 'eco-drive-test', 'down', null, '2025-06-30 21:50:10.696063'), ('83', '1', '5', 'mli-lemf-int', '192.168.225.254', '24', 'interface', '2609', 'ELAN 1273100053', 'up', null, '2025-06-30 21:50:10.696063'), ('84', '1', '5', 'mli-msc-int', '180.143.17.254', '24', 'interface', '2610', 'ELAN 1273100278', 'down', null, '2025-06-30 21:50:10.696063'), ('85', '1', '4', 'mgrx-s6a-ext', '172.16.253.17', '29', 'interface', '2603', 's6- traffic-external-partners', 'down', null, '2025-06-30 21:50:10.696063'), ('86', '1', '6', 'mweb-alumdmt', '172.27.38.1', '26', 'interface', '3093', 'mweb-alumdmt', 'up', null, '2025-06-30 21:50:10.696063'), ('87', '1', '6', 'mweb-alumdm', '172.27.38.65', '26', 'interface', '3094', 'mweb-alumdm', 'up', null, '2025-06-30 21:50:10.696063'), ('88', '1', '6', 'mweb-alumdmdb', '172.27.38.129', '26', 'interface', '3095', 'mweb-alumdmdb', 'down', null, '2025-06-30 21:50:10.696063'), ('89', '1', '6', 'mweb-dt-int', '172.30.2.174', '29', 'interface', '3115', 'mweb-dt-int', 'up', null, '2025-06-30 21:50:10.696063'), ('90', '1', '6', 'mweb-apnwap-int', '172.16.253.89', '29', 'interface', '2612', 'mweb-apnwap-int', 'unknown', null, '2025-06-30 21:50:10.696063'), ('91', '1', '6', 'mweb-apnmms-int', '172.16.253.97', '29', 'interface', '2613', 'mweb-apnmms-int', 'up', null, '2025-06-30 21:50:10.696063'), ('92', '1', '5', 'mli-mx-int', '192.168.108.1', '24', 'interface', '2615', ' mli-mx-int-Elan-1283104880', 'down', null, '2025-06-30 21:50:10.696063'), ('93', '1', '6', 'mweb-afginet', '172.16.253.121', '29', 'interface', '2620', 'mweb-afginet', 'up', null, '2025-06-30 21:50:10.696063'), ('94', '1', '6', 'dns-mobilefe', '172.16.253.137', '29', 'interface', '3118', 'dns-mobilefe', 'unknown', null, '2025-06-30 21:50:10.696063'), ('95', '1', '6', 'eco-drive-test', '172.27.45.33', '28', 'interface', '3202', 'eco-drive-test', 'down', null, '2025-06-30 21:50:10.696063'), ('96', '1', '6', 'eco-drive-prod', '172.27.45.1', '28', 'interface', '3203', 'eco-drive-prod', 'up', null, '2025-06-30 21:50:10.696063'), ('97', '1', '6', 'mweb-cmamms', '172.27.52.65', '27', 'interface', '3654', 'ZTE_CMA_PROD_MMS_Service', 'up', null, '2025-06-30 21:50:10.696063'), ('98', '1', '6', 'mweb-cmawap', '172.27.52.129', '27', 'interface', '3655', 'ZTE_CMA_PROD_WAP_Service', 'down', null, '2025-06-30 21:50:10.696063'), ('99', '1', '6', 'mweb-cmatwap', '172.27.55.129', '27', 'interface', '3675', 'ZTE_CMA_TEST_WAP_Service', 'up', null, '2025-06-30 21:50:10.696063'), ('100', '1', '6', 'mweb-cmatmms', '172.27.55.65', '27', 'interface', '3674', 'ZTE_CMA_TEST_MMS_Service', 'up', null, '2025-06-30 21:50:10.696063'), ('101', '1', '5', 'P2P_Mobile_Host', '172.30.2.242', '29', 'interface', '3190', 'P2P_Mobile_Hosting', 'up', null, '2025-06-30 21:50:10.696063'), ('102', '1', '5', 'mli-ptech-ix', '172.16.7.91', '29', 'interface', '3146', null, 'up', null, '2025-06-30 21:50:10.696063'), ('103', '1', '7', 'ptech_ix_1', '100.68.64.193', '29', 'interface', '641', null, 'up', null, '2025-06-30 21:50:10.696063'), ('104', '1', '7', 'ptech_ix_2', '100.68.64.201', '29', 'interface', '642', null, 'unknown', null, '2025-06-30 21:50:10.696063'), ('105', '1', '3', 't_non3gpp1', '100.68.143.193', '29', 'interface', '2724', 'To mob_t_pcore_non3gpp DCG', 'up', null, '2025-06-30 21:50:10.696063'), ('106', '1', '3', 't_non3gpp2', '100.68.143.201', '29', 'interface', '2725', 'To mob_t_non3gpp DCK', 'down', null, '2025-06-30 21:50:10.696063'), ('107', '1', '4', 'p_pcore_dns_ex1', '100.68.38.193', '29', 'interface', '384', null, 'unknown', null, '2025-06-30 21:50:10.696063'), ('108', '1', '4', 'p_pcore_dns_ex2', '100.68.38.201', '29', 'interface', '385', null, 'up', null, '2025-06-30 21:50:10.696063'), ('109', '1', '6', 'mweb-dtag', '195.46.228.17', '32', 'loopback', null, 'None', 'up', null, '2025-06-30 21:50:10.696063'), ('110', '1', '4', 'mgrx-lo1', '195.46.227.71', '32', 'loopback', null, 'None', 'up', null, '2025-06-30 21:50:10.696063'), ('111', '1', '4', 'mgrx-lo2', '195.46.227.109', '32', 'loopback', null, 'None', 'down', null, '2025-06-30 21:50:10.696063'), ('112', '1', '6', 'mweb-mypost', '195.46.228.18', '32', 'loopback', null, 'None', 'down', null, '2025-06-30 21:50:10.696063'), ('113', '1', '6', 'mweb-rim-ebrc', '213.166.61.110', '32', 'loopback', null, 'None', 'down', null, '2025-06-30 21:50:10.696063'), ('114', '9', '11', 'mgt-scan', '172.30.2.25', '29', 'interface', '3164', null, 'up', null, '2025-06-30 21:50:10.696063'), ('115', '12', '13', 'mgt-bras', '172.16.255.33', '28', 'interface', '2803', null, 'up', null, '2025-06-30 21:50:10.696063'), ('116', '12', '13', 'mgt-bng', '192.168.107.253', '24', 'interface', '2818', 'Assyst Ticket: 220504', 'up', null, '2025-06-30 21:50:10.696063'), ('117', '12', '13', 'mgt-bngbkp', '192.168.109.253', '24', 'interface', '2819', 'E-LAN 1273100294/1283104952', 'up', null, '2025-06-30 21:50:10.696063'), ('118', '12', '13', 'mgt-ciminkofe', '172.27.5.1', '25', 'interface', '3311', null, 'up', null, '2025-06-30 21:50:10.696063'), ('119', '12', '13', 'mgt-accs', '172.27.11.253', '24', 'interface', '3061', 'Assyst Ticket: 220504', 'up', null, '2025-06-30 21:50:10.696063'), ('120', '12', '13', 'mgt-accsdb', '172.27.20.253', '24', 'interface', '3071', 'Assyst Ticket: 220504', 'up', null, '2025-06-30 21:50:10.696063'), ('121', '12', '13', 'mgt-dtint', '172.30.2.22', '29', 'interface', '3105', null, 'up', null, '2025-06-30 21:50:10.696063'), ('122', '12', '13', 'mgt-aps-prod', '172.27.23.1', '26', 'interface', '3077', null, 'down', null, '2025-06-30 21:50:10.696063'), ('123', '12', '13', 'mgt-aps-test', '172.27.23.65', '26', 'interface', '3078', null, 'up', null, '2025-06-30 21:50:10.696063'), ('124', '12', '13', 'mgt-aps-dev', '172.27.23.129', '26', 'interface', '3079', null, 'up', null, '2025-06-30 21:50:10.696063'), ('125', '12', '13', 'mgt-alu-hdm-t', '172.27.37.1', '26', 'interface', '3090', null, 'up', null, '2025-06-30 21:50:10.696063'), ('126', '12', '13', 'mgt-alu-hdm', '172.27.37.65', '26', 'interface', '3091', null, 'up', null, '2025-06-30 21:50:10.696063'), ('127', '12', '13', 'mgt-alu-hdm-db', '172.27.37.129', '26', 'interface', '3092', null, 'up', null, '2025-06-30 21:50:10.696063'), ('128', '12', '13', 'mgt-mli-x', '172.27.3.139', '27', 'interface', '3050', null, 'up', null, '2025-06-30 21:50:10.696063'), ('129', '12', '13', 'mgt-dmz-data', '192.168.8.1', '24', 'interface', '3325', '20161124 Migration from IP380', 'up', null, '2025-06-30 21:50:10.696063'), ('130', '12', '13', 'mgt-dmz-cop-p', '192.168.104.1', '26', 'interface', '3535', null, 'up', null, '2025-06-30 21:50:10.696063'), ('131', '12', '13', 'mgt-dmz-cop-u', '192.168.104.65', '26', 'interface', '3538', null, 'up', null, '2025-06-30 21:50:10.696063'), ('132', '12', '13', 'mgt-scan1', '172.30.2.30', '29', 'interface', '3164', null, 'up', null, '2025-06-30 21:50:10.696063'), ('133', '12', '13', 'mgt-ptech-ix', '172.16.7.83', '29', 'interface', '3145', null, 'up', null, '2025-06-30 21:50:10.696063'), ('134', '12', '13', 'mgt-brasbkp', '172.16.254.33', '28', 'interface', '2804', null, 'unknown', null, '2025-06-30 21:50:10.696063'), ('135', '14', '16', 'p2p_nce-mgmt', '172.16.96.170', '30', 'interface', '405', null, 'up', null, '2025-06-30 21:50:10.696063'), ('136', '14', '16', 'p2p_nce-nb', '172.16.96.162', '30', 'interface', '411', null, 'up', null, '2025-06-30 21:50:10.696063'), ('137', '14', '16', 'p2p_nce-sb', '172.16.96.166', '30', 'interface', '413', null, 'down', null, '2025-06-30 21:50:10.696063'), ('138', '14', '15', 'p2p_vrf-tpfs', '172.16.7.42', '30', 'interface', '3008', null, 'unknown', null, '2025-06-30 21:50:10.696063'), ('139', '14', '16', 'p2p_nce-liv-sb', '172.16.80.6', '30', 'interface', '4012', null, 'up', null, '2025-06-30 21:50:10.696063'), ('140', '14', '16', 'p2p_nce-liv-mgt', '172.16.80.10', '30', 'interface', '4005', null, 'up', null, '2025-06-30 21:50:10.696063'), ('141', '14', '16', 'p2p_nce-liv-nb', '172.16.80.2', '30', 'interface', '4011', null, 'up', null, '2025-06-30 21:50:10.696063'), ('142', '14', '15', 'p2p_f_nce-nb', '172.16.80.25', '30', 'interface', '421', null, 'up', null, '2025-06-30 21:50:10.696063'), ('143', '14', '15', 'p2p_f_nce-mgmt', '172.16.80.33', '30', 'interface', '425', null, 'down', null, '2025-06-30 21:50:10.696063'), ('144', '14', '15', 'p2p_f_nce-sb', '172.16.80.29', '30', 'interface', '422', null, 'up', null, '2025-06-30 21:50:10.696063'), ('145', '14', '16', 'p2p_otn_nce_tra', '172.16.80.26', '30', 'interface', '4081', null, 'down', null, '2025-06-30 21:50:10.696063'), ('146', '14', '15', 'p2p_fnce-liv-nb', '172.16.80.13', '30', 'interface', '4021', null, 'down', null, '2025-06-30 21:50:10.696063'), ('147', '14', '15', 'p2p_fnce-liv-sb', '172.16.80.17', '30', 'interface', '4022', null, 'up', null, '2025-06-30 21:50:10.696063'), ('148', '14', '15', 'p2p_fnce-livmgt', '172.16.80.21', '30', 'interface', '4025', null, 'up', null, '2025-06-30 21:50:10.696063'), ('149', '14', '16', 'p2p_vrf-tpms', '172.16.7.34', '30', 'interface', '3005', null, 'up', null, '2025-06-30 21:50:10.696063'), ('150', '14', '16', 'p2p_otn_tpcar', '172.16.81.222', '30', 'interface', '4080', null, 'up', null, '2025-06-30 21:50:10.696063'), ('151', '17', '19', 'p2p_nce-mgmt', '172.16.96.182', '30', 'interface', '405', null, 'unknown', null, '2025-06-30 21:50:10.696063'), ('152', '17', '19', 'p2p_nce-nb', '172.16.96.174', '30', 'interface', '411', null, 'down', null, '2025-06-30 21:50:10.696063'), ('153', '17', '19', 'p2p_nce-sb', '172.16.96.178', '30', 'interface', '413', null, 'up', null, '2025-06-30 21:50:10.696063'), ('154', '17', '18', 'p2p_vrf-tpfs', '172.16.7.46', '30', 'interface', '3009', null, 'down', null, '2025-06-30 21:50:10.696063'), ('155', '17', '19', 'p2p_nce-liv-sb', '172.16.80.18', '30', 'interface', '4012', null, 'up', null, '2025-06-30 21:50:10.696063'), ('156', '17', '19', 'p2p_nce-liv-nb', '172.16.80.14', '30', 'interface', '4011', null, 'up', null, '2025-06-30 21:50:10.696063'), ('157', '17', '19', 'p2p_nce-liv-mgt', '172.16.80.22', '30', 'interface', '4005', null, 'down', null, '2025-06-30 21:50:10.696063'), ('158', '17', '18', 'p2p_f_nce-nb', '172.16.80.41', '30', 'interface', '421', null, 'down', null, '2025-06-30 21:50:10.696063'), ('159', '17', '18', 'p2p_f_nce-mgmt', '172.16.80.37', '30', 'interface', '425', null, 'up', null, '2025-06-30 21:50:10.696063'), ('160', '17', '18', 'p2p_f_nce-sb', '172.16.80.45', '30', 'interface', '422', null, 'up', null, '2025-06-30 21:50:10.696063'), ('161', '17', '19', 'p2p_otn_nce_tra', '172.16.80.30', '30', 'interface', '4081', null, 'unknown', null, '2025-06-30 21:50:10.696063'), ('162', '17', '18', 'p2p_fnce-liv-nb', '172.16.80.1', '30', 'interface', '4021', null, 'up', null, '2025-06-30 21:50:10.696063'), ('163', '17', '18', 'p2p_fnce-liv-sb', '172.16.80.5', '30', 'interface', '4022', null, 'up', null, '2025-06-30 21:50:10.696063'), ('164', '17', '18', 'p2p_fnce-livmgt', '172.16.80.9', '30', 'interface', '4025', null, 'up', null, '2025-06-30 21:50:10.696063'), ('165', '17', '19', 'p2p_vrf-tpms', '172.16.7.38', '30', 'interface', '3006', null, 'up', null, '2025-06-30 21:50:10.696063'), ('166', '17', '19', 'p2p_otn_tpcar', '172.16.81.226', '30', 'interface', '4080', null, 'up', null, '2025-06-30 21:50:10.696063'), ('167', '20', '27', 'evr-alpha0', '78.141.187.73', '29', 'interface', '2667', null, 'up', null, '2025-06-30 21:50:10.696063'), ('168', '20', '22', 'evr-alpha1', '78.141.187.78', '29', 'interface', '2667', null, 'up', null, '2025-06-30 21:50:10.696063'), ('169', '20', '27', 'evr-ingm0', '78.141.187.33', '28', 'interface', '2664', null, 'up', null, '2025-06-30 21:50:10.696063'), ('170', '20', '32', 'evr-ingm1', '78.141.187.46', '28', 'interface', '2664', null, 'down', null, '2025-06-30 21:50:10.696063'), ('171', '20', '27', 'evr-mail0', '78.141.187.9', '29', 'interface', '2662', null, 'down', null, '2025-06-30 21:50:10.696063'), ('172', '20', '38', 'evr-mail1', '78.141.187.14', '29', 'interface', '2662', null, 'up', null, '2025-06-30 21:50:10.696063'), ('173', '20', '27', 'evr-shd0', '78.141.187.1', '29', 'interface', '2660', null, 'unknown', null, '2025-06-30 21:50:10.696063'), ('174', '20', '45', 'evr-shd1', '78.141.187.6', '29', 'interface', '2660', null, 'up', null, '2025-06-30 21:50:10.696063'), ('175', '20', '27', 'evr-vew0', '78.141.187.105', '30', 'interface', '2659', null, 'up', null, '2025-06-30 21:50:10.696063'), ('176', '20', '48', 'evr-vew1', '78.141.187.106', '30', 'interface', '2659', null, 'down', null, '2025-06-30 21:50:10.696063'), ('177', '20', '27', 'evr-3play0', '78.141.187.113', '29', 'interface', '2657', null, 'down', null, '2025-06-30 21:50:10.696063'), ('178', '20', '21', 'evr-3play1', '78.141.187.118', '29', 'interface', '2657', null, 'unknown', null, '2025-06-30 21:50:10.696063'), ('179', '20', '27', 'evr-iptv0', '78.141.187.145', '28', 'interface', '2654', null, 'up', null, '2025-06-30 21:50:10.696063'), ('180', '20', '36', 'evr-iptv1', '78.141.187.158', '28', 'interface', '2654', null, 'unknown', null, '2025-06-30 21:50:10.696063'), ('181', '20', '27', 'evr-iptvpro0', '37.157.154.201', '30', 'interface', '2671', null, 'down', null, '2025-06-30 21:50:10.696063'), ('182', '20', '37', 'evr-iptvpro1', '37.157.154.202', '30', 'interface', '2671', null, 'unknown', null, '2025-06-30 21:50:10.696063'), ('183', '20', '27', 'evr-dis0', '78.141.187.137', '29', 'interface', '2673', null, 'unknown', null, '2025-06-30 21:50:10.696063'), ('184', '20', '24', 'evr-dis1', '78.141.187.142', '29', 'interface', '2673', null, 'down', null, '2025-06-30 21:50:10.696063'), ('185', '20', '27', 'evr-ketter0', '78.141.187.133', '30', 'interface', '2676', null, 'up', null, '2025-06-30 21:50:10.696063'), ('186', '20', '27', 'evr-mst0', '37.157.154.73', '29', 'interface', '2687', null, 'up', null, '2025-06-30 21:50:10.696063'), ('187', '20', '41', 'evr-mst1', '37.157.154.78', '29', 'interface', '2687', null, 'up', null, '2025-06-30 21:50:10.696063'), ('188', '20', '27', 'evr-faav0', '78.141.187.65', '29', 'interface', '2690', null, 'down', null, '2025-06-30 21:50:10.696063'), ('189', '20', '29', 'evr-faav1', '78.141.187.70', '29', 'interface', '2690', null, 'up', null, '2025-06-30 21:50:10.696063'), ('190', '20', '45', 'fgt-shd-int', '172.16.254.1', '29', 'interface', '2703', null, 'up', null, '2025-06-30 21:50:10.696063'), ('191', '20', '38', 'mail-ironport', '192.168.117.1', '24', 'interface', '3351', null, 'up', null, '2025-06-30 21:50:10.696063'), ('192', '20', '38', 'mail-ngm', '192.168.114.241', '24', 'interface', '3341', null, 'up', null, '2025-06-30 21:50:10.696063'), ('193', '20', '32', 'ingm-frontend', '192.168.118.129', '25', 'interface', '3353', null, 'up', null, '2025-06-30 21:50:10.696063'), ('194', '20', '21', '3p-voipdhcp', '192.168.150.254', '24', 'interface', '3474', null, 'up', null, '2025-06-30 21:50:10.696063'), ('195', '20', '38', 'mail-ingm', '192.168.118.126', '25', 'interface', '3354', null, 'up', null, '2025-06-30 21:50:10.696063'), ('196', '20', '22', 'alpha-lo1', '10.0.0.1', '24', 'interface', '2', null, 'up', null, '2025-06-30 21:50:10.696063'), ('197', '20', '30', 'fil-cipt', '192.168.18.251', '24', 'interface', '2784', null, 'up', null, '2025-06-30 21:50:10.696063'), ('198', '20', '48', 'fgt-vew-int', '172.16.254.25', '29', 'interface', '2704', null, 'up', null, '2025-06-30 21:50:10.696063'), ('199', '20', '30', 'fil-vo', '172.40.1.97', '28', 'interface', '2782', null, 'up', null, '2025-06-30 21:50:10.696063'), ('200', '20', '30', 'fil-editus', '172.40.1.113', '28', 'interface', '2783', null, 'up', null, '2025-06-30 21:50:10.696063'), ('201', '20', '30', 'fil-ebrc', '192.168.99.1', '28', 'interface', '2781', null, 'up', null, '2025-06-30 21:50:10.696063'), ('202', '20', '30', 'fil-netcore', '172.40.1.81', '28', 'interface', '2780', null, 'up', null, '2025-06-30 21:50:10.696063'), ('203', '20', '30', 'fil-dt', '172.30.1.94', '28', 'interface', '3051', null, 'down', null, '2025-06-30 21:50:10.696063'), ('204', '20', '36', 'iptv-netgem', '192.168.238.1', '24', 'interface', '3501', null, 'up', null, '2025-06-30 21:50:10.696063'), ('205', '20', '25', 'dt-ext-dmz', '172.20.22.101', '24', 'interface', '900', null, 'down', null, '2025-06-30 21:50:10.696063'), ('206', '20', '21', '3p-voiptmgt', '192.168.191.1', '24', 'interface', '3467', null, 'down', null, '2025-06-30 21:50:10.696063'), ('207', '20', '21', '3p-voiptdmz', '192.168.194.1', '24', 'interface', '3469', null, 'up', null, '2025-06-30 21:50:10.696063'), ('208', '20', '21', '3p-accesstest', '192.168.148.254', '24', 'interface', '3475', null, 'down', null, '2025-06-30 21:50:10.696063'), ('209', '20', '21', '3p-waniptv', '213.166.34.94', '28', 'interface', '2728', null, 'down', null, '2025-06-30 21:50:10.696063'), ('210', '20', '35', 'int-iptvsondes', '192.168.99.17', '28', 'interface', '3500', null, 'up', null, '2025-06-30 21:50:10.696063'), ('211', '20', '21', '3p-voipdmz', '192.168.197.1', '24', 'interface', '3472', null, 'up', null, '2025-06-30 21:50:10.696063'), ('212', '20', '21', '3p-voipmgt', '192.168.195.1', '24', 'interface', '3470', null, 'down', null, '2025-06-30 21:50:10.696063'), ('213', '20', '21', '3p-wanvoip', '213.166.61.30', '29', 'interface', '2718', null, 'up', null, '2025-06-30 21:50:10.696063'), ('214', '20', '37', 'iptvpro-wan1', '172.16.254.49', '29', 'interface', '2726', null, 'up', null, '2025-06-30 21:50:10.696063'), ('215', '20', '24', 'dis-zithasr', '192.168.112.1', '24', 'interface', '2786', null, 'down', null, '2025-06-30 21:50:10.696063'), ('216', '20', '35', 'int-dt', '172.30.1.150', '29', 'interface', '3104', null, 'unknown', null, '2025-06-30 21:50:10.696063'), ('217', '20', '35', 'int-smp', '192.168.102.49', '29', 'interface', '3378', null, 'up', null, '2025-06-30 21:50:10.696063'), ('218', '20', '30', 'fil-luxgsm', '172.40.1.129', '27', 'interface', '2785', null, 'up', null, '2025-06-30 21:50:10.696063'), ('219', '20', '35', 'int-smpold', '195.46.240.254', '28', 'interface', '901', null, 'up', null, '2025-06-30 21:50:10.696063'), ('220', '20', '41', 'mst-vrf', '213.166.34.6', '29', 'interface', '2015', null, 'up', null, '2025-06-30 21:50:10.696063'), ('221', '20', '35', 'int-circl', '192.168.99.254', '28', 'interface', '3332', null, 'up', null, '2025-06-30 21:50:10.696063'), ('222', '20', '31', 'headend-dtint', '172.30.11.254', '24', 'interface', '3106', null, 'up', null, '2025-06-30 21:50:10.696063'), ('223', '20', '31', 'headend-tdf', '172.16.2.14', '28', 'interface', '2734', null, 'up', null, '2025-06-30 21:50:10.696063'), ('224', '20', '29', 'faav-wan1', '172.16.3.1', '29', 'interface', '2717', null, 'up', null, '2025-06-30 21:50:10.696063'), ('225', '20', '38', 'mail-cipt', '172.16.4.97', '28', 'interface', '2738', null, 'up', null, '2025-06-30 21:50:10.696063'), ('226', '20', '24', 'dis-oldlady', '192.168.113.1', '24', 'interface', '2737', null, 'up', null, '2025-06-30 21:50:10.696063'), ('227', '20', '41', 'mst-wan1', '192.168.0.250', '16', 'interface', '2733', null, 'down', null, '2025-06-30 21:50:10.696063'), ('228', '20', '35', 'int-vod3g', '192.168.100.17', '28', 'interface', '3302', null, 'down', null, '2025-06-30 21:50:10.696063'), ('229', '20', '27', 'evr-lab', '37.157.154.153', '29', 'interface', '903', null, 'down', null, '2025-06-30 21:50:10.696063'), ('230', '20', '43', 'ptc-post', '172.30.13.254', '24', 'interface', '2746', null, 'up', null, '2025-06-30 21:50:10.696063'), ('231', '20', '24', 'dis-wgs', '192.168.178.1', '24', 'interface', '2749', null, 'unknown', null, '2025-06-30 21:50:10.696063'), ('232', '20', '21', '3p-vas-gui', '192.168.101.225', '28', 'interface', '3477', null, 'up', null, '2025-06-30 21:50:10.696063'), ('233', '20', '21', '3p-vas-gui-test', '192.168.101.241', '28', 'interface', '3479', null, 'down', null, '2025-06-30 21:50:10.696063'), ('234', '20', '21', '3p-vas-engine', '192.168.101.129', '27', 'interface', '3478', null, 'up', null, '2025-06-30 21:50:10.696063'), ('235', '20', '21', '3p-vas-engine-t', '192.168.101.161', '27', 'interface', '3480', null, 'unknown', null, '2025-06-30 21:50:10.696063'), ('236', '20', '24', 'dis-centrex', '213.166.34.38', '28', 'interface', '2750', null, 'up', null, '2025-06-30 21:50:10.696063'), ('237', '20', '35', 'int-bookingmgr', '192.168.100.81', '28', 'interface', '3382', null, 'up', null, '2025-06-30 21:50:10.696063'), ('238', '20', '25', 'dt-bp', '172.20.28.1', '24', 'interface', '904', null, 'up', null, '2025-06-30 21:50:10.696063'), ('239', '20', '36', 'iptv-wan1', '213.166.34.38', '29', 'interface', '2751', null, 'up', null, '2025-06-30 21:50:10.696063'), ('240', '20', '35', 'int-resolver', '192.168.99.33', '28', 'interface', '3383', null, 'up', null, '2025-06-30 21:50:10.696063'), ('241', '20', '38', 'mail-fortimail', '192.168.111.4', '24', 'interface', '3329', null, 'down', null, '2025-06-30 21:50:10.696063'), ('242', '20', '40', 'mobileiron-vrf', '213.166.34.6', '29', 'interface', '2052', null, 'up', null, '2025-06-30 21:50:10.696063'), ('243', '20', '40', 'evrit-mdm1', '1.1.1.2', '29', 'interface', '2643', null, 'up', null, '2025-06-30 21:50:10.696063'), ('244', '20', '28', 'evrit-mdm0', '1.1.1.1', '29', 'interface', '2643', null, 'up', null, '2025-06-30 21:50:10.696063'), ('245', '20', '28', 'evrit-ext', '10.74.0.1', '24', 'interface', '2754', null, 'unknown', null, '2025-06-30 21:50:10.696063'), ('246', '20', '28', 'evrit-ptc0', '1.1.1.9', '29', 'interface', '2642', null, 'down', null, '2025-06-30 21:50:10.696063'), ('247', '20', '43', 'evrit-ptc1', '1.1.1.10', '29', 'interface', '2642', null, 'up', null, '2025-06-30 21:50:10.696063'), ('248', '20', '36', 'iptv-ott', '192.168.239.1', '24', 'interface', '3387', null, 'up', null, '2025-06-30 21:50:10.696063'), ('249', '20', '23', 'cse-prod-vrf', '213.166.34.6', '29', 'interface', '2059', null, 'down', null, '2025-06-30 21:50:10.696063'), ('250', '20', '27', 'evr-cse-test0', '37.157.155.193', '29', 'interface', '2637', null, 'up', null, '2025-06-30 21:50:10.696063'), ('251', '20', '27', 'evr-cse-prod0', '37.157.155.201', '29', 'interface', '2636', null, 'up', null, '2025-06-30 21:50:10.696063'), ('252', '20', '23', 'evr-cse-prod1', '37.157.155.206', '29', 'interface', '2636', null, 'up', null, '2025-06-30 21:50:10.696063'), ('253', '20', '27', 'evr-mobileiron0', '37.157.155.113', '29', 'interface', '2647', null, 'up', null, '2025-06-30 21:50:10.696063'), ('254', '20', '40', 'evr-mobileiron1', '37.157.155.118', '29', 'interface', '2647', null, 'up', null, '2025-06-30 21:50:10.696063'), ('255', '20', '21', '3p-wanisam', '37.157.152.134', '29', 'interface', '2720', null, 'up', null, '2025-06-30 21:50:10.696063'), ('256', '20', '39', 'evr-mcr1', '37.157.156.54', '29', 'interface', '2627', null, 'up', null, '2025-06-30 21:50:10.696063'), ('257', '20', '39', 'mcr-p2p-dtint', '172.30.2.182', '29', 'interface', '3117', null, 'up', null, '2025-06-30 21:50:10.696063'), ('258', '20', '27', 'evr-mcr0', '37.157.156.49', '29', 'interface', '2627', null, 'unknown', null, '2025-06-30 21:50:10.696063'), ('259', '20', '39', 'mcr-be', '172.27.44.65', '26', 'interface', '3632', null, 'up', null, '2025-06-30 21:50:10.696063'), ('260', '20', '39', 'mcr-fe', '172.27.44.1', '27', 'interface', '3631', null, 'up', null, '2025-06-30 21:50:10.696063'), ('261', '20', '35', 'int-envox', '192.168.101.110', '28', 'interface', '3367', null, 'unknown', null, '2025-06-30 21:50:10.696063'), ('262', '20', '39', 'mcr-fileserver', '172.27.44.33', '28', 'interface', '3636', null, 'down', null, '2025-06-30 21:50:10.696063'), ('263', '20', '21', '3p-p2p-dtint', '172.30.1.190', '29', 'interface', '3122', 'p2p vers vrf ptech', 'up', null, '2025-06-30 21:50:10.696063'), ('264', '20', '36', 'iptv-alia', '192.168.240.1', '24', 'interface', '3386', null, 'unknown', null, '2025-06-30 21:50:10.696063'), ('265', '20', '35', 'int-vs-iaas', '172.30.1.225', '29', 'interface', '3130', null, 'up', null, '2025-06-30 21:50:10.696063'), ('266', '20', '44', 'evr-sdwan1', '37.157.156.150', '29', 'interface', '2624', null, 'up', null, '2025-06-30 21:50:10.696063'), ('267', '20', '27', 'evr-sdwan0', '37.157.156.145', '29', 'interface', '2624', null, 'up', null, '2025-06-30 21:50:10.696063'), ('268', '20', '44', 'sdwan-cplane', '172.27.66.14', '28', 'interface', '3132', null, 'down', null, '2025-06-30 21:50:10.696063'), ('269', '20', '44', 'sdwan-p2p-dtint', '172.30.2.198', '29', 'interface', '3131', null, 'down', null, '2025-06-30 21:50:10.696063'), ('270', '20', '44', 'sdwan-vbond', '37.157.156.158', '29', 'interface', '3133', 'SDWAN Vbond', 'up', null, '2025-06-30 21:50:10.696063'), ('271', '20', '44', 'sdwan-vrf', '213.166.34.38', '29', 'interface', '2761', null, 'down', null, '2025-06-30 21:50:10.696063'), ('272', '20', '26', 'P2P_VRF_PTECH2', '172.30.2.209', '29', 'interface', '3001', null, 'up', null, '2025-06-30 21:50:10.696063'), ('273', '20', '26', 'P2P_VRF_IAAS2', '172.29.0.81', '29', 'interface', '4011', null, 'up', null, '2025-06-30 21:50:10.696063'), ('274', '20', '26', 'syslog', '172.29.224.1', '26', 'interface', '3543', null, 'down', null, '2025-06-30 21:50:10.696063'), ('275', '20', '26', 'monitor', '172.29.225.1', '26', 'interface', '3544', null, 'down', null, '2025-06-30 21:50:10.696063'), ('276', '20', '27', 'evr-int_nsx-pp0', '37.157.156.169', '29', 'interface', '2623', null, 'unknown', null, '2025-06-30 21:50:10.696063'), ('277', '20', '33', 'evr-int_nsx-pp1', '37.157.156.174', '29', 'interface', '2623', null, 'up', null, '2025-06-30 21:50:10.696063'), ('278', '20', '33', 'int_nsx-pp-vrf', '213.166.34.6', '29', 'interface', '1979', null, 'down', null, '2025-06-30 21:50:10.696063'), ('279', '20', '26', 'P2P_VRF_MGMT', '172.29.0.89', '29', 'interface', '4013', null, 'unknown', null, '2025-06-30 21:50:10.696063'), ('280', '20', '47', 'evr-tids1', '37.157.156.206', '29', 'interface', '2634', null, 'unknown', null, '2025-06-30 21:50:10.696063'), ('281', '20', '27', 'evr-tids0', '37.157.156.201', '29', 'interface', '2634', null, 'up', null, '2025-06-30 21:50:10.696063'), ('282', '20', '47', 'tids-wan1', '213.166.34.38', '29', 'interface', '2779', null, 'up', null, '2025-06-30 21:50:10.696063'), ('283', '20', '47', 'tids-vrf', '213.166.34.6', '29', 'interface', '2079', null, 'down', null, '2025-06-30 21:50:10.696063'), ('284', '20', '21', '3p-f5', '192.168.111.1', '24', 'interface', '3485', null, 'up', null, '2025-06-30 21:50:10.696063'), ('285', '20', '35', 'int-billofq', '192.168.101.17', '29', 'interface', '3350', 'RITM0051157', 'up', null, '2025-06-30 21:50:10.696063'), ('286', '20', '27', 'evr-vpc35-0', '37.157.156.217', '29', 'interface', '2635', null, 'up', null, '2025-06-30 21:50:10.696063'), ('287', '20', '34', 'evr-vpc35-1', '37.157.156.222', '29', 'interface', '2635', null, 'up', null, '2025-06-30 21:50:10.696063'), ('288', '20', '34', 'vpc35-vrf', '213.166.34.6', '29', 'interface', '2035', null, 'up', null, '2025-06-30 21:50:10.696063'), ('289', '20', '36', 'iptv-front', '192.168.247.1', '24', 'interface', '3399', 'IRITM0057016', 'up', null, '2025-06-30 21:50:10.696063'), ('290', '20', '27', 'evr-splunk-soc0', '37.157.155.209', '29', 'interface', '2682', null, 'up', null, '2025-06-30 21:50:10.696063'), ('291', '20', '46', 'splunk-soc-vrf', '213.166.34.6', '29', 'interface', '2085', null, 'down', null, '2025-06-30 21:50:10.696063'), ('292', '20', '46', 'evr-splunk-soc', '37.157.155.214', '29', 'interface', '2682', null, 'up', null, '2025-06-30 21:50:10.696063'), ('293', '20', '46', 'evrit-splunk1', '1.1.1.18', '29', 'interface', '2644', null, 'up', null, '2025-06-30 21:50:10.696063'), ('294', '20', '28', 'evrit-splunk0', '1.1.1.17', '29', 'interface', '2644', null, 'up', null, '2025-06-30 21:50:10.696063'), ('295', '20', '42', 'P2P_ptech_psim', '172.16.7.78', '29', 'interface', '3140', 'p2p_ptech_psim', 'unknown', null, '2025-06-30 21:50:10.696063'), ('296', '20', '42', '3p-psimdmz', '192.168.227.1', '27', 'interface', '4022', 'PSIM servers', 'down', null, '2025-06-30 21:50:10.696063'), ('297', '20', '35', 'int-learn', '172.30.8.1', '24', 'interface', '3430', null, 'up', null, '2025-06-30 21:50:10.696063'), ('298', '20', '42', 'dgvideo', '192.200.71.250', '24', 'interface', '2722', 'DG Video cameras don\'t have default gateway : NAT is required', 'up', null, '2025-06-30 21:50:10.696063'), ('299', '20', '42', 'p2p_alarmis', '10.2.1.1', '28', 'interface', '2787', null, 'up', null, '2025-06-30 21:50:10.696063'), ('300', '20', '35', 'dmz_bittium', '192.168.229.1', '28', 'interface', '4023', null, 'up', null, '2025-06-30 21:50:10.696063'), ('301', '20', '26', 'ict_nessus', '172.27.66.33', '27', 'interface', '3546', null, 'down', null, '2025-06-30 21:50:10.696063'), ('302', '20', '26', 'digora_monitor', '172.27.67.1', '28', 'interface', '3381', null, 'up', null, '2025-06-30 21:50:10.696063'), ('303', '20', '40', 'mobileiron-wan', '213.166.34.38', '29', 'interface', '2793', null, 'up', null, '2025-06-30 21:50:10.696063'), ('304', '20', '22', 'alpha-lo2', '192.168.90.254', '32', 'loopback', null, 'None', 'up', null, '2025-06-30 21:50:10.696063'), ('305', '49', '51', 'caasdev-vrf', '213.166.34.6', '29', 'interface', '2065', null, 'up', null, '2025-06-30 21:50:10.696063'), ('306', '49', '51', 'evr-caasdev1', '37.157.154.62', '29', 'interface', '2633', null, 'up', null, '2025-06-30 21:50:10.696063'), ('307', '49', '54', 'evr-snch0', '37.157.156.17', '29', 'interface', '2630', null, 'up', null, '2025-06-30 21:50:10.696063'), ('308', '49', '54', 'evr-caasdev0', '37.157.154.57', '29', 'interface', '2633', null, 'up', null, '2025-06-30 21:50:10.696063'), ('309', '49', '54', 'evr-ala0', '78.141.187.97', '29', 'interface', '2668', null, 'up', null, '2025-06-30 21:50:10.696063'), ('310', '49', '54', 'evr-b2hub0', '78.141.187.57', '29', 'interface', '2666', null, 'up', null, '2025-06-30 21:50:10.696063'), ('311', '49', '54', 'evr-netcore0', '78.141.187.161', '28', 'interface', '2653', null, 'up', null, '2025-06-30 21:50:10.696063'), ('312', '49', '54', 'evr-eurofoi0', '78.141.187.217', '29', 'interface', '2678', null, 'up', null, '2025-06-30 21:50:10.696063'), ('313', '49', '54', 'evr-efg0', '37.157.154.33', '29', 'interface', '2691', null, 'up', null, '2025-06-30 21:50:10.696063'), ('314', '49', '54', 'evr-cloudbizz0', '37.157.154.209', '28', 'interface', '2695', null, 'up', null, '2025-06-30 21:50:10.696063'), ('315', '49', '54', 'evr-massena0', '37.157.154.193', '29', 'interface', '2696', null, 'up', null, '2025-06-30 21:50:10.696063'), ('316', '49', '54', 'evr-castegnaro0', '37.157.154.233', '29', 'interface', '2697', null, 'unknown', null, '2025-06-30 21:50:10.696063'), ('317', '49', '54', 'evr-flashiz0', '37.157.154.249', '29', 'interface', '2699', null, 'up', null, '2025-06-30 21:50:10.696063'), ('318', '49', '54', 'evr-natixis0', '37.157.155.89', '29', 'interface', '2648', null, 'down', null, '2025-06-30 21:50:10.696063'), ('319', '49', '54', 'evr-infocrise0', '37.157.155.121', '29', 'interface', '2646', null, 'down', null, '2025-06-30 21:50:10.696063'), ('320', '49', '54', 'evr-iclux0', '37.157.155.145', '29', 'interface', '2645', null, 'down', null, '2025-06-30 21:50:10.696063'), ('321', '49', '54', 'evr-oda0', '37.157.155.177', '29', 'interface', '2639', null, 'up', null, '2025-06-30 21:50:10.696063'), ('322', '49', '54', 'evr-ittm0', '37.157.155.185', '29', 'interface', '2638', null, 'up', null, '2025-06-30 21:50:10.696063'), ('323', '49', '54', 'evr-kpmg0', '37.157.155.241', '29', 'interface', '2632', null, 'up', null, '2025-06-30 21:50:10.696063'), ('324', '49', '52', 'castgnaro-vrf', '213.166.34.6', '29', 'interface', '2039', null, 'up', null, '2025-06-30 21:50:10.696063'), ('325', '49', '52', 'evr-castegnaro1', '37.157.154.238', '29', 'interface', '2697', null, 'up', null, '2025-06-30 21:50:10.696063'), ('326', '49', '52', 'castegnaro-wan1', '213.166.34.38', '29', 'interface', '2752', 'IPVPN 1271100307 / 1281103862 / SAM 30625', 'up', null, '2025-06-30 21:50:10.696063'), ('327', '49', '53', 'evr-eurofoi1', '78.141.187.222', '29', 'interface', '2678', null, 'down', null, '2025-06-30 21:50:10.696063'), ('328', '49', '53', 'eurofoil-wan1', '172.30.255.249', '29', 'interface', '2729', 'IPVPN 1271100223 Site 1281103098', 'up', null, '2025-06-30 21:50:10.696063'), ('329', '49', '53', 'eurofoil-vrf', '213.166.34.6', '29', 'interface', '2005', null, 'up', null, '2025-06-30 21:50:10.696063'), ('330', '49', '56', 'luxith-vrf', '213.166.34.6', '29', 'interface', '2025', null, 'up', null, '2025-06-30 21:50:10.696063'), ('331', '49', '56', 'luxith-wan1', '213.166.34.38', '29', 'interface', '2739', null, 'up', null, '2025-06-30 21:50:10.696063'), ('332', '49', '57', 'evr-netcore1', '78.141.187.174', '28', 'interface', '2653', null, 'up', null, '2025-06-30 21:50:10.696063'), ('333', '49', '57', 'netcore-vrf', '213.166.34.6', '29', 'interface', '2021', null, 'down', null, '2025-06-30 21:50:10.696063'), ('334', '49', '54', 'evr-luxair0', '37.157.156.57', '29', 'interface', '2626', null, 'up', null, '2025-06-30 21:50:10.696063'), ('335', '49', '54', 'evr-luxplan0', '37.157.156.25', '29', 'interface', '2629', null, 'up', null, '2025-06-30 21:50:10.696063'), ('336', '49', '54', 'evr-onecloud0', '37.157.155.129', '28', 'interface', '2644', null, 'down', null, '2025-06-30 21:50:10.696063'), ('337', '49', '54', 'evr-pandom0', '37.157.154.41', '29', 'interface', '2681', null, 'up', null, '2025-06-30 21:50:10.696063'), ('338', '49', '54', 'evr-roamsys0', '37.157.154.97', '28', 'interface', '2684', null, 'up', null, '2025-06-30 21:50:10.696063'), ('339', '49', '54', 'evr-seezam0', '78.141.187.185', '29', 'interface', '2670', null, 'up', null, '2025-06-30 21:50:10.696063'), ('340', '49', '54', 'evr-showrom0', '37.157.154.81', '28', 'interface', '2661', null, 'up', null, '2025-06-30 21:50:10.696063'), ('341', '49', '54', 'evr-tdo0', '37.157.154.129', '28', 'interface', '2689', null, 'unknown', null, '2025-06-30 21:50:10.696063'), ('342', '49', '54', 'evr-vincotte0', '37.157.154.177', '28', 'interface', '2694', null, 'up', null, '2025-06-30 21:50:10.696063'), ('343', '49', '60', 'evr-showrom1', '37.157.154.94', '28', 'interface', '2661', null, 'up', null, '2025-06-30 21:50:10.696063'), ('344', '49', '60', 'showroom-vrf', '213.166.34.6', '29', 'interface', '2012', null, 'down', null, '2025-06-30 21:50:10.696063'), ('345', '49', '60', 'showroom-wan1', '213.166.34.38', '29', 'interface', '2742', null, 'up', null, '2025-06-30 21:50:10.696063'), ('346', '49', '62', 'evr-tdo1', '37.157.154.142', '28', 'interface', '2689', null, 'down', null, '2025-06-30 21:50:10.696063'), ('347', '49', '62', 'tdo-vrf', '213.166.34.6', '29', 'interface', '2019', null, 'down', null, '2025-06-30 21:50:10.696063'), ('348', '49', '62', 'tdo-wan1', '213.166.34.38', '29', 'interface', '2736', null, 'up', null, '2025-06-30 21:50:10.696063'), ('349', '49', '55', 'healthnet-vrf', '213.166.34.6', '29', 'interface', '2074', null, 'up', null, '2025-06-30 21:50:10.696063'), ('350', '49', '55', 'healthnet-wan1', '172.16.2.166', '29', 'interface', '2709', 'IPVPN 1271100019/1281105138 SAM 30835', 'unknown', null, '2025-06-30 21:50:10.696063'), ('351', '49', '61', 'sigi-vrf', '213.166.34.6', '29', 'interface', '2007', null, 'up', null, '2025-06-30 21:50:10.696063'), ('352', '49', '61', 'evr-sigi1', '37.157.154.70', '29', 'interface', '2683', null, 'up', null, '2025-06-30 21:50:10.696063'), ('353', '49', '54', 'evr-sigi0', '37.157.154.65', '29', 'interface', '2683', null, 'down', null, '2025-06-30 21:50:10.696063'), ('354', '49', '54', 'evr-bradesco0', '37.157.154.169', '29', 'interface', '2625', null, 'up', null, '2025-06-30 21:50:10.696063'), ('355', '49', '61', 'sigi-3rdparty', '172.16.2.101', '29', 'interface', '2764', null, 'unknown', null, '2025-06-30 21:50:10.696063'), ('356', '49', '61', 'sigi-hub', '172.16.2.109', '29', 'interface', '2763', null, 'unknown', null, '2025-06-30 21:50:10.696063'), ('357', '49', '50', 'arendt-wan1', '213.166.34.38', '29', 'interface', '2765', null, 'unknown', null, '2025-06-30 21:50:10.696063'), ('358', '49', '50', 'arendt-azure1', '172.19.0.1', '30', 'interface', '2766', null, 'up', null, '2025-06-30 21:50:10.696063'), ('359', '49', '50', 'arendt-azure2', '172.19.0.5', '30', 'interface', '2767', null, 'unknown', null, '2025-06-30 21:50:10.696063'), ('360', '49', '59', 'rgbackup-vrf', '213.166.34.6', '29', 'interface', '2057', null, 'down', null, '2025-06-30 21:50:10.696063'), ('361', '49', '54', 'evr-revantage0', '37.157.156.233', '29', 'interface', '2620', null, 'up', null, '2025-06-30 21:50:10.696063'), ('362', '63', '70', 'evr-intel0', '146.0.212.17', '29', 'interface', '102', null, 'unknown', null, '2025-06-30 21:50:10.696063'), ('363', '63', '72', 'evr-intel1', '146.0.212.22', '29', 'interface', '102', null, 'up', null, '2025-06-30 21:50:10.696063'), ('364', '63', '72', 'intel-wan1', '213.166.34.54', '29', 'interface', '2762', 'IPVPN 1271100363/1281104479 SAM 30704', 'up', null, '2025-06-30 21:50:10.696063'), ('365', '63', '76', 'newline-wan1', '213.166.34.38', '29', 'interface', '2764', 'IPVPN 1271100409', 'down', null, '2025-06-30 21:50:10.696063'), ('366', '63', '70', 'evr-newline0', '146.0.212.33', '29', 'interface', '104', null, 'up', null, '2025-06-30 21:50:10.696063'), ('367', '63', '76', 'evr-newline1', '146.0.212.38', '29', 'interface', '104', null, 'up', null, '2025-06-30 21:50:10.696063'), ('368', '63', '79', 'psa-hub', '213.166.34.54', '29', 'interface', '2765', 'IPVPN 1271100110/1281104349 SAM 30695', 'up', null, '2025-06-30 21:50:10.696063'), ('369', '63', '79', 'psa-vsgsm', '172.30.17.14', '28', 'interface', '3107', null, 'up', null, '2025-06-30 21:50:10.696063'), ('370', '63', '70', 'evr-tns0', '146.0.212.41', '29', 'interface', '105', null, 'up', null, '2025-06-30 21:50:10.696063'), ('371', '63', '83', 'evr-tns1', '146.0.212.46', '29', 'interface', '105', null, 'up', null, '2025-06-30 21:50:10.696063'), ('372', '63', '70', 'evr-shared0', '146.0.212.97', '27', 'interface', '110', null, 'up', null, '2025-06-30 21:50:10.696063'), ('373', '63', '80', 'evr-shared1', '146.0.212.126', '27', 'interface', '110', null, 'up', null, '2025-06-30 21:50:10.696063'), ('374', '63', '80', 'shared-wan1', '213.166.34.38', '29', 'interface', '2750', 'IPVPN 1271100420 / 1281105294 / SAM 30853', 'up', null, '2025-06-30 21:50:10.696063'), ('375', '63', '79', 'psa-dns', '192.168.101.78', '28', 'interface', '3359', null, 'up', null, '2025-06-30 21:50:10.696063'), ('376', '63', '79', 'psa-apn', '172.16.1.30', '28', 'interface', '2766', 'IPVPN 1271100306/1281103860 SAM 30629', 'unknown', null, '2025-06-30 21:50:10.696063'), ('377', '63', '83', 'tns-wan1', '213.166.34.38', '29', 'interface', '2767', 'IPVPN 1271100417 / 1281105266 / SAM 30855', 'up', null, '2025-06-30 21:50:10.696063'), ('378', '63', '70', 'evr-electris0', '146.0.212.49', '29', 'interface', '106', null, 'up', null, '2025-06-30 21:50:10.696063'), ('379', '63', '69', 'evr-electris1', '146.0.212.54', '29', 'interface', '106', null, 'up', null, '2025-06-30 21:50:10.696063'), ('380', '63', '69', 'electris-wan1', '213.166.34.38', '29', 'interface', '2768', 'IPVPN 1281105373 - SAM 30857', 'down', null, '2025-06-30 21:50:10.696063'), ('381', '63', '70', 'evr-nuvolinq0', '146.0.212.65', '28', 'interface', '107', null, 'up', null, '2025-06-30 21:50:10.696063'), ('382', '63', '77', 'evr-nuvolinq1', '146.0.212.78', '28', 'interface', '107', null, 'up', null, '2025-06-30 21:50:10.696063'), ('383', '63', '77', 'nuvolinq-wan1', '213.166.34.38', '29', 'interface', '2769', 'IPNetwork1271100442', 'up', null, '2025-06-30 21:50:10.696063'), ('384', '63', '70', 'evr-clever0', '146.0.212.57', '29', 'interface', '108', null, 'down', null, '2025-06-30 21:50:10.696063'), ('385', '63', '67', 'evr-clever1', '146.0.212.62', '29', 'interface', '108', null, 'up', null, '2025-06-30 21:50:10.696063'), ('386', '63', '67', 'clever-wan1', '213.166.34.38', '29', 'interface', '2770', 'IPNetwork1271100447', 'up', null, '2025-06-30 21:50:10.696063'), ('387', '63', '70', 'evr-actoll0', '146.0.212.81', '29', 'interface', '109', null, 'down', null, '2025-06-30 21:50:10.696063'), ('388', '63', '64', 'evr-actoll1', '146.0.212.86', '29', 'interface', '109', null, 'unknown', null, '2025-06-30 21:50:10.696063'), ('389', '63', '70', 'evr-hymes0', '146.0.212.129', '29', 'interface', '111', null, 'unknown', null, '2025-06-30 21:50:10.696063'), ('390', '63', '71', 'evr-hymes1', '146.0.212.134', '29', 'interface', '111', null, 'up', null, '2025-06-30 21:50:10.696063'), ('391', '63', '64', 'actoll-wan1', '213.166.34.38', '29', 'interface', '2771', null, 'up', null, '2025-06-30 21:50:10.696063'), ('392', '63', '71', 'hymes-wan1', '213.166.34.38', '29', 'interface', '2772', '1271100450', 'up', null, '2025-06-30 21:50:10.696063'), ('393', '63', '81', 'shared3a-wan1', '213.166.34.38', '29', 'interface', '2773', '1281105940', 'up', null, '2025-06-30 21:50:10.696063'), ('394', '63', '81', 'evr-shared3a1', '146.0.212.142', '29', 'interface', '112', null, 'down', null, '2025-06-30 21:50:10.696063'), ('395', '63', '70', 'evr-shared3a0', '146.0.212.137', '29', 'interface', '112', null, 'up', null, '2025-06-30 21:50:10.696063'), ('396', '63', '70', 'evr-betterbell0', '146.0.212.145', '29', 'interface', '113', null, 'unknown', null, '2025-06-30 21:50:10.696063'), ('397', '63', '65', 'evr-betterbell1', '146.0.212.150', '29', 'interface', '113', null, 'up', null, '2025-06-30 21:50:10.696063'), ('398', '63', '73', 'jdemars-wan1', '213.166.34.38', '29', 'interface', '2775', null, 'up', null, '2025-06-30 21:50:10.696063'), ('399', '63', '70', 'evr-jdemars0', '146.0.212.153', '29', 'interface', '114', null, 'unknown', null, '2025-06-30 21:50:10.696063'), ('400', '63', '73', 'evr-jdemars1', '146.0.212.158', '29', 'interface', '114', null, 'up', null, '2025-06-30 21:50:10.696063'), ('401', '63', '85', 'evr-wsimlink1', '146.0.212.166', '29', 'interface', '117', null, 'down', null, '2025-06-30 21:50:10.696063'), ('402', '63', '70', 'evr-wsimlink0', '146.0.212.161', '29', 'interface', '117', null, 'down', null, '2025-06-30 21:50:10.696063'), ('403', '63', '85', 'wsim-link-wan1', '213.166.34.38', '29', 'interface', '2776', '1271100488 - VPLS 30913', 'up', null, '2025-06-30 21:50:10.696063'), ('404', '63', '66', 'bst-wan1', '213.166.34.38', '29', 'interface', '2778', null, 'up', null, '2025-06-30 21:50:10.696063'), ('405', '63', '70', 'evr-bst0', '146.0.212.169', '29', 'interface', '118', null, 'down', null, '2025-06-30 21:50:10.696063'), ('406', '63', '66', 'evr-bst1', '146.0.212.174', '29', 'interface', '118', null, 'unknown', null, '2025-06-30 21:50:10.696063'), ('407', '63', '70', 'evr-corpuls0', '146.0.212.177', '29', 'interface', '119', null, 'up', null, '2025-06-30 21:50:10.696063'), ('408', '63', '68', 'evr-corpuls1', '146.0.212.182', '29', 'interface', '119', null, 'up', null, '2025-06-30 21:50:10.696063'), ('409', '63', '78', 'pfreundt-wan1', '213.166.34.38', '29', 'interface', '2777', null, 'up', null, '2025-06-30 21:50:10.696063'), ('410', '63', '70', 'evr-pfreundt0', '146.0.212.185', '29', 'interface', '120', null, 'down', null, '2025-06-30 21:50:10.696063'), ('411', '63', '78', 'evr-pfreundt1', '146.0.212.190', '29', 'interface', '120', null, 'up', null, '2025-06-30 21:50:10.696063'), ('412', '63', '82', 'evr-sodex', '146.0.212.94', '29', 'interface', '115', null, 'unknown', null, '2025-06-30 21:50:10.696063'), ('413', '63', '70', 'evr-sodex0', '146.0.212.89', '29', 'interface', '115', null, 'up', null, '2025-06-30 21:50:10.696063'), ('414', '63', '86', 'wsim-vpn-wan1', '213.166.34.38', '29', 'interface', '2782', null, 'down', null, '2025-06-30 21:50:10.696063'), ('415', '63', '70', 'evr-wsim-vpn0', '146.0.212.193', '29', 'interface', '121', null, 'up', null, '2025-06-30 21:50:10.696063'), ('416', '63', '86', 'evr-wsim-vpn1', '146.0.212.198', '29', 'interface', '121', null, 'unknown', null, '2025-06-30 21:50:10.696063'), ('417', '63', '70', 'evr-lite0', '146.0.212.201', '29', 'interface', '122', null, 'up', null, '2025-06-30 21:50:10.696063'), ('418', '63', '74', 'evr-lite1', '146.0.212.206', '29', 'interface', '122', null, 'up', null, '2025-06-30 21:50:10.696063'), ('419', '63', '74', 'lite-wan1', '213.166.34.38', '29', 'interface', '2783', null, 'up', null, '2025-06-30 21:50:10.696063'), ('420', '63', '87', 'sono-wan1', '213.166.34.38', '29', 'interface', '2784', 'IRITM0116792', 'up', null, '2025-06-30 21:50:10.696063'), ('421', '63', '87', 'evr-sono1', '146.0.212.214', '29', 'interface', '454', null, 'down', null, '2025-06-30 21:50:10.696063'), ('422', '63', '70', 'evr-sono0', '146.0.212.209', '29', 'interface', '454', null, 'up', null, '2025-06-30 21:50:10.696063'), ('423', '63', '72', 'intel-lo1', '10.42.243.10', '32', 'loopback', null, 'None', 'down', null, '2025-06-30 21:50:10.696063'), ('424', '88', '90', 'corp-lb-fe', '192.168.121.65', '26', 'interface', '3389', null, 'down', null, '2025-06-30 21:50:10.696063'), ('425', '88', '91', 'corp-lb-be', '192.168.123.65', '26', 'interface', '3393', null, 'up', null, '2025-06-30 21:50:10.696063'), ('426', '88', '90', 'res-lb-fe', '192.168.121.1', '26', 'interface', '3388', null, 'up', null, '2025-06-30 21:50:10.696063'), ('427', '88', '89', 'res-lb-be', '192.168.123.1', '26', 'interface', '3392', null, 'down', null, '2025-06-30 21:50:10.696063'), ('428', '88', '89', 'ngm-backend', '192.168.114.254', '24', 'interface', '3341', null, 'unknown', null, '2025-06-30 21:50:10.696063'), ('429', '88', '89', 'ngm-frontend', '192.168.113.252', '24', 'interface', '3340', null, 'up', null, '2025-06-30 21:50:10.696063'), ('430', '88', '89', 'hostpack', '192.168.20.250', '24', 'interface', '3300', null, 'up', null, '2025-06-30 21:50:10.696063'), ('431', '88', '90', 'external', '78.141.176.230', '29', 'interface', '1701', '124313330038,124313330039', 'up', null, '2025-06-30 21:50:10.696063'), ('432', '88', '90', 'cipt-ldap', '172.16.4.98', '28', 'interface', '2738', 'Cust_EPTIN.DT.LDAP-1283100988', 'down', null, '2025-06-30 21:50:10.696063'), ('433', '88', '88', 'dns-wan1', '185.9.247.1', '28', 'interface', '2741', 'ELAN 1273100316 - 1283105335 - SAM 30741', 'down', null, '2025-06-30 21:50:10.696063'), ('434', '88', '88', 'dns-dtint', '172.30.1.198', '29', 'interface', '3123', null, 'up', null, '2025-06-30 21:50:10.696063'), ('435', '88', '90', 'ntp-fe', '192.168.121.129', '26', 'interface', '3394', 'f5 dmz', 'down', null, '2025-06-30 21:50:10.696063'), ('436', '88', '90', 'ngm-lb-fe', '192.168.112.241', '28', 'interface', '3118', null, 'up', null, '2025-06-30 21:50:10.696063'), ('437', '88', '90', 'eltrona-mail', '192.168.112.225', '28', 'interface', '2787', 'ipvpn-40586 - 1271100408', 'up', null, '2025-06-30 21:50:10.696063'), ('438', '88', '90', 'P2P_Hosting_Mob', '172.30.2.241', '29', 'interface', '3190', 'P2P_Mobile_Hosting', 'up', null, '2025-06-30 21:50:10.696063'), ('439', '93', '93', 'dt-internal', '172.30.17.62', '27', 'interface', '3116', 'P2P to dtinternal', 'up', null, '2025-06-30 21:50:10.696063'), ('440', '93', '96', 'evr-cloud1-ext1', '192.168.86.134', '30', 'interface', '2700', null, 'up', null, '2025-06-30 21:50:10.696063'), ('441', '93', '96', 'evr-cloud1-ext2', '192.168.86.138', '30', 'interface', '2701', null, 'up', null, '2025-06-30 21:50:10.696063'), ('442', '93', '93', 'dmz900', '172.20.22.100', '24', 'interface', '900', null, 'up', null, '2025-06-30 21:50:10.696063'), ('443', '93', '93', 'aps-wan1', '185.9.246.4', '29', 'interface', '2702', 'APS IPVPN', 'up', null, '2025-06-30 21:50:10.696063'), ('444', '93', '95', 'evr-lab1-ext1', '192.168.87.85', '30', 'interface', '2700', null, 'up', null, '2025-06-30 21:50:10.696063'), ('445', '93', '95', 'evr-lab1-ext2', '192.168.87.89', '30', 'interface', '2701', null, 'up', null, '2025-06-30 21:50:10.696063'), ('446', '93', '94', 'hwei-atic-ext1', '185.9.247.34', '30', 'interface', '2703', null, 'up', null, '2025-06-30 21:50:10.696063'), ('447', '93', '94', 'hwei-atic-ext2', '185.9.247.38', '30', 'interface', '2704', null, 'up', null, '2025-06-30 21:50:10.696063'), ('448', '93', '93', 'management_oob', '172.16.254.57', '29', 'interface', '2780', null, 'up', null, '2025-06-30 21:50:10.696063'), ('449', '99', '101', 'alarmis-net', '132.147.160.91', '24', 'interface', '3305', null, 'up', null, '2025-06-30 21:50:10.696063'), ('450', '99', '101', 'alarmis-server', '192.168.198.3', '24', 'interface', '3307', null, 'up', null, '2025-06-30 21:50:10.696063'), ('451', '99', '101', 'alarmis-presta', '172.40.1.52', '28', 'interface', '918', null, 'up', null, '2025-06-30 21:50:10.696063'), ('452', '99', '101', 'alarmis-receiv', '192.168.199.3', '24', 'interface', '3306', null, 'up', null, '2025-06-30 21:50:10.696063'), ('453', '99', '101', 'alarmis-ipvpn', '172.40.1.21', '30', 'interface', '914', null, 'unknown', null, '2025-06-30 21:50:10.696063'), ('454', '99', '101', 'alarmis-vr', '10.100.20.3', '24', 'interface', '3333', null, 'up', null, '2025-06-30 21:50:10.696063'), ('455', '99', '101', 'alarmis-hosts', '192.168.200.3', '24', 'interface', '3308', null, 'up', null, '2025-06-30 21:50:10.696063'), ('456', '99', '101', 'p2p-dtinternal', '172.30.1.125', '29', 'interface', '3101', null, 'up', null, '2025-06-30 21:50:10.696063'), ('457', '99', '102', 'evr-alarmis0', '195.46.228.198', '27', 'interface', '100', null, 'down', null, '2025-06-30 21:50:10.696063'), ('458', '99', '101', 'evr-alarmis1', '195.46.228.197', '27', 'interface', '100', null, 'up', null, '2025-06-30 21:50:10.696063'), ('459', '99', '102', 'evr-cloud1-ext1', '78.141.183.42', '30', 'interface', '2700', null, 'down', null, '2025-06-30 21:50:10.696063'), ('460', '99', '102', 'evr-cloud1-ext2', '78.141.184.178', '30', 'interface', '2701', null, 'down', null, '2025-06-30 21:50:10.696063'), ('461', '99', '101', 'alarmis-snmc', '10.1.1.33', '29', 'interface', '890', 'VPLS 30568 1273100317/1283105384', 'up', null, '2025-06-30 21:50:10.696063'), ('462', '99', '101', 'alarmis-show', '172.30.2.233', '29', 'interface', '3310', 'IP Network 127100439/1281105525', 'up', null, '2025-06-30 21:50:10.696063'), ('463', '99', '101', 'alarmis-vrbkp', '10.100.21.3', '24', 'interface', '3334', null, 'up', null, '2025-06-30 21:50:10.696063'), ('464', '99', '101', 'Eltrona', '172.31.0.94', '29', 'interface', '931', 'CTASK0012109', 'up', null, '2025-06-30 21:50:10.696063'), ('465', '99', '101', 'Securitas', '172.31.0.6', '29', 'interface', '920', 'CTASK0012109 IMB', 'up', null, '2025-06-30 21:50:10.696063'), ('466', '99', '101', 'BEI', '172.31.0.14', '29', 'interface', '921', 'CTASK0012109 IMB', 'up', null, '2025-06-30 21:50:10.696063'), ('467', '99', '101', 'Seris-Security', '172.31.0.38', '29', 'interface', '924', 'CTASK0012109 IMB', 'up', null, '2025-06-30 21:50:10.696063'), ('468', '99', '101', 'Brinks', '172.31.0.22', '29', 'interface', '922', null, 'up', null, '2025-06-30 21:50:10.696063'), ('469', '99', '101', 'Police', '172.31.0.30', '29', 'interface', '923', null, 'down', null, '2025-06-30 21:50:10.696063'), ('470', '99', '101', 'Commission-euro', '172.31.0.54', '29', 'interface', '926', null, 'up', null, '2025-06-30 21:50:10.696063'), ('471', '99', '101', 'Post-Lux', '172.31.0.86', '29', 'interface', '930', null, 'up', null, '2025-06-30 21:50:10.696063'), ('472', '99', '101', 'Dussmann', '172.31.0.62', '29', 'interface', '927', null, 'up', null, '2025-06-30 21:50:10.696063'), ('473', '99', '101', 'G4S', '172.31.0.70', '29', 'interface', '928', null, 'up', null, '2025-06-30 21:50:10.696063'), ('474', '99', '101', 'CGDIS', '172.31.0.78', '29', 'interface', '929', null, 'up', null, '2025-06-30 21:50:10.696063'), ('475', '99', '101', 'BCEE', '172.31.0.46', '29', 'interface', '925', null, 'unknown', null, '2025-06-30 21:50:10.696063'), ('476', '103', '105', 'evr-dp0', '194.154.210.89', '29', 'interface', '100', null, 'up', null, '2025-06-30 21:50:10.696063'), ('477', '103', '104', 'evr-dp1', '194.154.210.94', '29', 'interface', '100', null, 'up', null, '2025-06-30 21:50:10.696063'), ('478', '103', '104', 'cipt', '172.16.5.57', '29', 'interface', '845', null, 'down', null, '2025-06-30 21:50:10.696063'), ('479', '103', '104', 'magui-ilpost', '172.30.1.1', '29', 'interface', '849', null, 'unknown', null, '2025-06-30 21:50:10.696063'), ('480', '103', '104', 'keba-kepol', '10.150.144.65', '26', 'interface', '979', null, 'up', null, '2025-06-30 21:50:10.696063'), ('481', '103', '104', 'cda-test', '10.180.6.1', '24', 'interface', '3512', null, 'down', null, '2025-06-30 21:50:10.696063'), ('482', '103', '104', 'cda-prod', '10.180.5.1', '24', 'interface', '3513', null, 'up', null, '2025-06-30 21:50:10.696063'), ('483', '103', '104', 'aboware-prod', '10.180.41.1', '24', 'interface', '3515', null, 'down', null, '2025-06-30 21:50:10.696063'), ('484', '103', '104', 'aboware-test', '10.180.42.1', '24', 'interface', '3516', null, 'up', null, '2025-06-30 21:50:10.696063'), ('485', '103', '104', 'P10-P11', '10.140.16.1', '24', 'interface', '3502', null, 'unknown', null, '2025-06-30 21:50:10.696063'), ('486', '103', '104', 'routesmart-test', '10.180.9.1', '24', 'interface', '3517', null, 'up', null, '2025-06-30 21:50:10.696063'), ('487', '103', '104', 'keba-mgt', '10.150.144.1', '29', 'interface', '3509', null, 'unknown', null, '2025-06-30 21:50:10.696063'), ('488', '103', '104', 'keba-staging', '10.150.144.17', '29', 'interface', '3510', null, 'up', null, '2025-06-30 21:50:10.696063'), ('489', '103', '104', 'keba-live', '10.150.144.25', '29', 'interface', '3511', null, 'up', null, '2025-06-30 21:50:10.696063'), ('490', '103', '104', 'routesmart-prod', '10.180.7.1', '24', 'interface', '3514', null, 'unknown', null, '2025-06-30 21:50:10.696063'), ('491', '103', '104', 'apn-scanner', '172.30.1.9', '29', 'interface', '850', '1271100219/1281105145', 'unknown', null, '2025-06-30 21:50:10.696063'), ('492', '103', '104', 'ctb-vdl', '10.180.3.1', '24', 'interface', '3501', null, 'up', null, '2025-06-30 21:50:10.696063'), ('493', '103', '104', 'ctb-siemens', '10.180.1.1', '24', 'interface', '3504', null, 'down', null, '2025-06-30 21:50:10.696063'), ('494', '103', '104', 'ctb-ilpost', '10.180.4.1', '24', 'interface', '3505', null, 'down', null, '2025-06-30 21:50:10.696063'), ('495', '103', '104', 'remoteaccess', '172.16.5.30', '28', 'interface', '815', null, 'down', null, '2025-06-30 21:50:10.696063'), ('496', '103', '104', 'ctb-boewe', '10.180.2.1', '24', 'interface', '3502', null, 'down', null, '2025-06-30 21:50:10.696063'), ('497', '103', '104', 'ctb-boewe-srv', '10.180.10.1', '24', 'interface', '3503', 'BOEWE  (Bettembourg site )', 'up', null, '2025-06-30 21:50:10.696063'), ('498', '106', '113', 'lag2.3244', '10.11.55.70', '29', 'interface', '3244', null, 'up', null, '2025-06-30 21:50:10.696063'), ('499', '106', '109', 'lag2.3245', '10.11.62.1', '27', 'interface', '3245', null, 'down', null, '2025-06-30 21:50:10.696063'), ('500', '106', '110', 'lag2.3247', '10.11.62.97', '27', 'interface', '3247', null, 'up', null, '2025-06-30 21:50:10.696063'), ('501', '106', '110', 'lag2.3246', '10.11.62.65', '28', 'interface', '3246', null, 'down', null, '2025-06-30 21:50:10.696063'), ('502', '106', '110', 'lag2.3248', '10.11.62.129', '28', 'interface', '3248', null, 'up', null, '2025-06-30 21:50:10.696063'), ('503', '106', '110', 'lag2.3249', '10.11.62.161', '28', 'interface', '3249', null, 'up', null, '2025-06-30 21:50:10.696063'), ('504', '106', '110', 'lag2.3250', '10.11.62.193', '28', 'interface', '3250', null, 'up', null, '2025-06-30 21:50:10.696063'), ('505', '106', '112', 'looback-vpn', '78.141.180.192', '32', 'loopback', null, 'None', 'up', null, '2025-06-30 21:50:10.696063'), ('506', '116', '120', 'ebrc-mgt', '10.11.1.30', '29', 'interface', '2700', null, 'down', null, '2025-06-30 21:50:10.696063'), ('507', '116', '118', 'ivl-int-mgt0', '10.11.55.41', '29', 'interface', '106', null, 'up', null, '2025-06-30 21:50:10.696063'), ('508', '116', '120', 'ivl-int-mgt1', '10.11.55.46', '29', 'interface', '106', null, 'down', null, '2025-06-30 21:50:10.696063'), ('509', '116', '118', 'ivl-int-preprd0', '10.11.55.9', '29', 'interface', '102', null, 'up', null, '2025-06-30 21:50:10.696063'), ('510', '116', '121', 'ivl-int-preprd1', '10.11.55.14', '29', 'interface', '102', null, 'down', null, '2025-06-30 21:50:10.696063'), ('511', '116', '118', 'ebrc-prod', '10.11.1.22', '29', 'interface', '2701', null, 'up', null, '2025-06-30 21:50:10.696063'), ('512', '116', '120', 'lag2.3211', '10.11.4.1', '24', 'interface', '3211', 'Net-1522-MNGT-EBRC', 'up', null, '2025-06-30 21:50:10.696063'), ('513', '116', '120', 'lag2.3212', '10.11.5.1', '24', 'interface', '3212', 'Net-1522-PTECH-MNGT', 'up', null, '2025-06-30 21:50:10.696063'), ('514', '116', '120', 'lag2.3213', '10.11.6.1', '24', 'interface', '3213', 'Net-1522-Vmware-ovm', 'up', null, '2025-06-30 21:50:10.696063'), ('515', '116', '121', 'lag2.3230', '10.11.12.1', '24', 'interface', '3230', 'Net-1522-Pre-Prod-Common', 'up', null, '2025-06-30 21:50:10.696063'), ('516', '116', '121', 'lag2.3231', '10.11.13.1', '27', 'interface', '3231', 'Net-1522-Pre-Prod-Stat', 'up', null, '2025-06-30 21:50:10.696063'), ('517', '116', '121', 'lag2.3232', '10.11.14.1', '27', 'interface', '3232', 'Net-1522-Pre-Prod-UIP', 'up', null, '2025-06-30 21:50:10.696063'), ('518', '116', '121', 'lag2.3233', '10.11.14.33', '27', 'interface', '3233', 'Net-1522-Pre-Prod-SSO', 'up', null, '2025-06-30 21:50:10.696063'), ('519', '116', '121', 'lag2.3234', '10.11.14.65', '27', 'interface', '3234', 'Net-1522-Pre-Prod-CRM', 'down', null, '2025-06-30 21:50:10.696063'), ('520', '116', '116', 'ivl-root-mgt0', '10.11.55.57', '29', 'interface', '108', null, 'unknown', null, '2025-06-30 21:50:10.696063'), ('521', '116', '120', 'ivl-root-mgt1', '10.11.55.62', '29', 'interface', '108', null, 'up', null, '2025-06-30 21:50:10.696063'), ('522', '116', '118', 'ivl-int-prod0', '10.11.55.1', '29', 'interface', '101', null, 'down', null, '2025-06-30 21:50:10.696063'), ('523', '116', '122', 'ivl-int-prod1', '10.11.55.6', '29', 'interface', '101', null, 'unknown', null, '2025-06-30 21:50:10.696063'), ('524', '116', '118', 'ivl-int-uat10', '10.11.55.17', '29', 'interface', '103', null, 'down', null, '2025-06-30 21:50:10.696063'), ('525', '116', '125', 'ivl-int-uat11', '10.11.55.22', '29', 'interface', '103', null, 'up', null, '2025-06-30 21:50:10.696063'), ('526', '116', '118', 'ivl-int-temp0', '10.11.55.25', '29', 'interface', '104', null, 'unknown', null, '2025-06-30 21:50:10.696063'), ('527', '116', '124', 'ivl-int-temp1', '10.11.55.30', '29', 'interface', '104', null, 'up', null, '2025-06-30 21:50:10.696063'), ('528', '116', '118', 'ivl-int-jiway0', '10.11.55.33', '29', 'interface', '105', null, 'up', null, '2025-06-30 21:50:10.696063'), ('529', '116', '119', 'ivl-int-jiway1', '10.11.55.38', '29', 'interface', '105', null, 'up', null, '2025-06-30 21:50:10.696063'), ('530', '116', '122', 'lag2.3214', '10.11.8.1', '24', 'interface', '3214', 'Net-1522-Prod-Common', 'up', null, '2025-06-30 21:50:10.696063'), ('531', '116', '122', 'lag2.3215', '10.11.9.1', '27', 'interface', '3215', 'Net-1522-Prod-Stat', 'up', null, '2025-06-30 21:50:10.696063'), ('532', '116', '122', 'lag2.3216', '10.11.9.65', '27', 'interface', '3216', 'Net-1522-Prod-ZMC', 'up', null, '2025-06-30 21:50:10.696063'), ('533', '116', '122', 'lag2.3217', '10.11.10.1', '27', 'interface', '3217', 'Net-1522-Prod-UIP', 'down', null, '2025-06-30 21:50:10.696063'), ('534', '116', '122', 'lag2.3218', '10.11.10.33', '27', 'interface', '3218', 'Net-1522-Prod-SSO', 'down', null, '2025-06-30 21:50:10.696063'), ('535', '116', '122', 'lag2.3219', '10.11.10.65', '27', 'interface', '3219', 'Net-1522-Prod-CRM', 'down', null, '2025-06-30 21:50:10.696063'), ('536', '116', '125', 'lag2.3235', '10.11.16.1', '24', 'interface', '3235', 'Net-1522-UAT1-Common', 'unknown', null, '2025-06-30 21:50:10.696063'), ('537', '116', '125', 'lag2.3236', '10.11.18.1', '26', 'interface', '3236', 'Net-1522-UAT1-Portal', 'down', null, '2025-06-30 21:50:10.696063'), ('538', '116', '124', 'lag2.3251', '10.11.20.1', '24', 'interface', '3251', 'Net-1522-Mig1-Common', 'up', null, '2025-06-30 21:50:10.696063'), ('539', '116', '124', 'lag2.3252', '10.11.22.1', '26', 'interface', '3252', 'Net-1522-Mig1-Portal', 'up', null, '2025-06-30 21:50:10.696063'), ('540', '116', '124', 'lag2.3253', '10.11.24.1', '24', 'interface', '3253', 'Net-1522-Mig2-Common', 'up', null, '2025-06-30 21:50:10.696063'), ('541', '116', '124', 'lag2.3254', '10.11.26.1', '26', 'interface', '3254', 'Net-1522-Mig2-Portal', 'up', null, '2025-06-30 21:50:10.696063'), ('542', '116', '124', 'lag2.3255', '10.11.28.1', '24', 'interface', '3255', 'Net-1522-Security-Common', 'up', null, '2025-06-30 21:50:10.696063'), ('543', '116', '124', 'lag2.3256', '10.11.30.1', '26', 'interface', '3256', 'Net-1522-Security-Portal', 'up', null, '2025-06-30 21:50:10.696063'), ('544', '116', '119', 'lag2.3241', '10.11.32.1', '24', 'interface', '3241', 'Net-1522-Prod-Jiway', 'up', null, '2025-06-30 21:50:10.696063'), ('545', '116', '119', 'lag2.3242', '10.11.33.1', '24', 'interface', '3242', 'Net-1522-Pre-Prod-Jiway', 'up', null, '2025-06-30 21:50:10.696063'), ('546', '116', '119', 'lag2.3243', '10.11.34.1', '24', 'interface', '3243', 'Net-1522-UAT-Jiway', 'up', null, '2025-06-30 21:50:10.696063'), ('547', '116', '120', 'lag2.3257', '10.11.7.33', '28', 'interface', '3257', 'Back-Mgt', 'unknown', null, '2025-06-30 21:50:10.696063'), ('548', '116', '118', 'lag2.3244', '10.11.55.65', '29', 'interface', '3244', null, 'up', null, '2025-06-30 21:50:10.696063'), ('549', '116', '123', 'ivl-int-mno1', '10.11.55.54', '29', 'interface', '100', null, 'up', null, '2025-06-30 21:50:10.696063'), ('550', '116', '123', 'lag1.2702', '10.74.0.2', '24', 'interface', '2702', null, 'down', null, '2025-06-30 21:50:10.696063'), ('551', '116', '118', 'ivl-int-mno0', '10.11.55.49', '29', 'interface', '100', null, 'up', null, '2025-06-30 21:50:10.696063'), ('552', '116', '123', 'lag2.3124', '10.11.54.9', '29', 'interface', '3124', 'P2P_MOEBIUS_PTECH-MNO_TO_TACIN', 'up', null, '2025-06-30 21:50:10.696063'), ('553', '116', '123', 'lag2.3125', '10.11.54.17', '29', 'interface', '3125', 'P2P_MOEBIUS_PTECH-MNO_TO_MOBILE', 'up', null, '2025-06-30 21:50:10.696063'), ('554', '116', '118', 'lag2.3126', '10.11.54.25', '29', 'interface', '3126', 'P2P_MOEBIUS_PTECH-MNO_TO_TDINT', 'up', null, '2025-06-30 21:50:10.696063'), ('555', '116', '125', 'lag2.3258', '10.11.18.145', '28', 'interface', '3258', 'Net-1522-UAT1-ZMC', 'unknown', null, '2025-06-30 21:50:10.696063'), ('556', '116', '123', 'lag2.3142', '10.11.54.33', '29', 'interface', '3142', null, 'up', null, '2025-06-30 21:50:10.696063'), ('557', '149', '127', 'init-dmz', '172.16.20.1', '24', 'interface', '251', null, 'up', null, '2025-06-30 21:50:10.696063'), ('558', '149', '127', 'dmz-archiving', '10.85.8.1', '24', 'interface', '208', null, 'up', null, '2025-06-30 21:50:10.696063'), ('559', '149', '127', 'dmz-dlp', '10.85.5.1', '24', 'interface', '205', null, 'down', null, '2025-06-30 21:50:10.696063'), ('560', '149', '127', 'dmz-its4u', '10.85.13.1', '24', 'interface', '213', null, 'up', null, '2025-06-30 21:50:10.696063'), ('561', '149', '127', 'dmz-niche-guard', '10.85.7.1', '24', 'interface', '207', null, 'up', null, '2025-06-30 21:50:10.696063'), ('562', '149', '127', 'dmz-numen', '10.85.14.1', '24', 'interface', '214', null, 'up', null, '2025-06-30 21:50:10.696063'), ('563', '149', '127', 'dmz-oracle', '10.85.12.1', '24', 'interface', '212', null, 'up', null, '2025-06-30 21:50:10.696063'), ('564', '149', '127', 'dmz-sophos-mgt', '10.85.133.1', '24', 'interface', '210', null, 'up', null, '2025-06-30 21:50:10.696063'), ('565', '149', '127', 'dmz-storm', '10.85.6.1', '24', 'interface', '206', null, 'up', null, '2025-06-30 21:50:10.696063'), ('566', '149', '127', 'dmz-uat', '10.85.105.1', '24', 'interface', '225', 'Assyst 754568 ', 'unknown', null, '2025-06-30 21:50:10.696063'), ('567', '149', '127', 'dmz-F5', '10.85.109.1', '24', 'interface', '229', 'Assyst 754568', 'up', null, '2025-06-30 21:50:10.696063'), ('568', '149', '127', 'dmz-externe-f5', '10.85.107.1', '24', 'interface', '227', 'DMZ Externe F5', 'up', null, '2025-06-30 21:50:10.696063'), ('569', '149', '127', 'dmz-interne', '10.85.102.1', '24', 'interface', '202', null, 'up', null, '2025-06-30 21:50:10.696063'), ('570', '149', '127', 'Internal-FW-P2P', '10.85.255.9', '29', 'interface', '200', null, 'down', null, '2025-06-30 21:50:10.696063'), ('571', '149', '127', 'DMZ-Third-Bizto', '10.85.103.1', '29', 'interface', '256', 'Assyst 816380 KKO 20190226', 'up', null, '2025-06-30 21:50:10.696063'), ('572', '149', '127', 'DMZ-Third-Plat4', '10.85.103.9', '29', 'interface', '257', 'Assyst 816767 KKO 20190226', 'up', null, '2025-06-30 21:50:10.696063');
-- 4. routes (depends on vdoms)
create table public.routes (
  route_id serial not null,
  vdom_id integer not null,
  destination_network text not null,
  mask_length integer not null,
  route_type text not null,
  gateway text null,
  exit_interface_name text not null,
  exit_interface_details text null,
  last_updated timestamp without time zone null default CURRENT_TIMESTAMP,
  constraint routes_pkey primary key (route_id),
  constraint routes_vdom_id_fkey foreign KEY (vdom_id) references vdoms (vdom_id) on delete CASCADE
) TABLESPACE pg_default;

create index IF not exists idx_routes_vdom_id on public.routes using btree (vdom_id) TABLESPACE pg_default;

-- Sample route data
INSERT INTO "public"."routes" ("route_id", "vdom_id", "destination_network", "mask_length", "route_type", "gateway", "exit_interface_name", "exit_interface_details", "last_updated") VALUES ('4757', '86', '213.166.34.32', '29', 'connected', 'n/a', 'wsim', 'vlan interface with ip 213.166.34.38/29 is up', '2025-06-19 12:27:12.085297'), ('4739', '85', '213.166.34.32', '29', 'connected', 'n/a', 'wsim', 'vlan interface with ip 213.166.34.38/29 is up', '2025-06-19 12:27:09.29382'), ('4776', '86', '213.166.34.32', '29', 'FIB', 'n/a', 'wsim', 'vlan interface with ip 213.166.34.38/29 is up', '2025-06-19 12:27:14.831913'), ('4769', '86', '213.166.34.39', '32', 'FIB', 'n/a', 'wsim', 'vlan interface with ip 213.166.34.38/29 is up', '2025-06-19 12:27:14.066911'), ('4748', '85', '213.166.34.32', '29', 'FIB', 'n/a', 'wsim', 'vlan interface with ip 213.166.34.38/29 is up', '2025-06-19 12:27:10.607746'), ('4768', '86', '213.166.34.38', '32', 'FIB', 'n/a', 'wsim', 'vlan interface with ip 213.166.34.38/29 is up', '2025-06-19 12:27:13.988381'), ('4746', '85', '10.0.0.0', '18', 'FIB', 'n/a', 'wsim', 'vlan interface with ip 213.166.34.38/29 is up', '2025-06-19 12:27:10.365231'), ('4770', '86', '10.0.0.0', '14', 'FIB', 'n/a', 'wsim', 'vlan interface with ip 213.166.34.38/29 is up', '2025-06-19 12:27:14.244381'), ('4743', '85', '213.166.34.32', '32', 'FIB', 'n/a', 'wsim', 'vlan interface with ip 213.166.34.38/29 is up', '2025-06-19 12:27:10.142024'), ('4745', '85', '213.166.34.39', '32', 'FIB', 'n/a', 'wsim', 'vlan interface with ip 213.166.34.38/29 is up', '2025-06-19 12:27:10.283711'), ('4744', '85', '213.166.34.38', '32', 'FIB', 'n/a', 'wsim', 'vlan interface with ip 213.166.34.38/29 is up', '2025-06-19 12:27:10.199274'), ('4767', '86', '213.166.34.32', '32', 'FIB', 'n/a', 'wsim', 'vlan interface with ip 213.166.34.38/29 is up', '2025-06-19 12:27:13.873852'), ('4737', '85', '10.0.0.0', '18', 'static', '213.166.34.33', 'wsim', 'vlan interface with ip 213.166.34.38/29 is up', '2025-06-19 12:27:09.039285'), ('4749', '86', '10.0.0.0', '14', 'static', '213.166.34.33', 'wsim', 'vlan interface with ip 213.166.34.38/29 is up', '2025-06-19 12:27:10.752787'), ('4689', '81', '10.4.17.0', '24', 'FIB', 'n/a', 'wlapn', 'tunnel interface is up', '2025-06-19 12:27:02.13766'), ('4672', '81', '10.4.17.0', '24', 'static', '', 'wlapn', 'tunnel interface is up', '2025-06-19 12:26:58.347305'), ('5208', '1', '192.168.10.0', '24', 'connected', 'n/a', 'wan', 'physical interface is up', '2025-06-19 12:28:27.168248'), ('5216', '1', '192.168.10.0', '32', 'FIB', 'n/a', 'wan', 'physical interface is up', '2025-06-19 12:28:28.805489'), ('5210', '1', '192.168.10.0', '24', 'FIB', 'n/a', 'wan', 'physical interface is up', '2025-06-19 12:28:27.443496'), ('5212', '1', '192.168.10.255', '32', 'FIB', 'n/a', 'wan', 'physical interface is up', '2025-06-19 12:28:28.148766'), ('5211', '1', '192.168.10.141', '32', 'FIB', 'n/a', 'wan', 'physical interface is up', '2025-06-19 12:28:27.880166'), ('3134', '35', '10.12.33.0', '24', 'FIB', 'n/a', 'VPN', 'tunnel interface is up', '2025-06-19 12:22:46.587883'), ('3133', '35', '10.12.1.40', '32', 'FIB', 'n/a', 'VPN', 'tunnel interface is up', '2025-06-19 12:22:46.511151'), ('3135', '35', '10.12.34.0', '24', 'FIB', 'n/a', 'VPN', 'tunnel interface is up', '2025-06-19 12:22:46.666235'), ('3237', '35', '195.13.11.201', '32', 'FIB', 'n/a', 'VPN', 'tunnel interface is up', '2025-06-19 12:23:03.77434'), ('3136', '35', '10.13.2.16', '32', 'FIB', 'n/a', 'VPN', 'tunnel interface is up', '2025-06-19 12:22:46.726445'), ('2976', '35', '10.13.2.16', '32', 'static', '', 'VPN', 'tunnel interface is up', '2025-06-19 12:22:27.812131'), ('2975', '35', '10.12.34.0', '24', 'static', '', 'VPN', 'tunnel interface is up', '2025-06-19 12:22:27.699918'), ('3077', '35', '195.13.11.201', '32', 'static', '', 'VPN', 'tunnel interface is up', '2025-06-19 12:22:38.626816'), ('2973', '35', '10.12.1.40', '32', 'static', '', 'VPN', 'tunnel interface is up', '2025-06-19 12:22:27.429625'), ('2974', '35', '10.12.33.0', '24', 'static', '', 'VPN', 'tunnel interface is up', '2025-06-19 12:22:27.526367'), ('4248', '67', '10.0.0.0', '16', 'FIB', 'n/a', 'vpn', 'tunnel interface is up', '2025-06-19 12:25:44.751658'), ('4250', '67', '10.12.0.0', '16', 'FIB', 'n/a', 'vpn', 'tunnel interface is up', '2025-06-19 12:25:44.970724'), ('4251', '67', '10.13.0.0', '24', 'FIB', 'n/a', 'vpn', 'tunnel interface is up', '2025-06-19 12:25:45.148525'), ('4249', '67', '10.0.0.0', '8', 'FIB', 'n/a', 'vpn', 'tunnel interface is up', '2025-06-19 12:25:44.843249'), ('4236', '67', '10.12.0.0', '16', 'static', '', 'vpn', 'tunnel interface is up', '2025-06-19 12:25:42.876308'), ('4235', '67', '10.0.0.0', '16', 'static', '', 'vpn', 'tunnel interface is up', '2025-06-19 12:25:42.796832'), ('4237', '67', '10.13.0.0', '24', 'static', '', 'vpn', 'tunnel interface is up', '2025-06-19 12:25:43.102873'), ('4234', '67', '10.0.0.0', '8', 'static', '', 'vpn', 'tunnel interface is up', '2025-06-19 12:25:42.726915'), ('3711', '48', '10.129.0.0', '16', 'BGP', '10.0.0.98', 'vew', 'vlan interface with ip 10.0.0.97/30 is up', '2025-06-19 12:24:18.699255'), ('3712', '48', '10.130.0.0', '16', 'BGP', '10.0.0.98', 'vew', 'vlan interface with ip 10.0.0.97/30 is up', '2025-06-19 12:24:18.798463'), ('3713', '48', '10.131.0.0', '16', 'BGP', '10.0.0.98', 'vew', 'vlan interface with ip 10.0.0.97/30 is up', '2025-06-19 12:24:18.884461'), ('3710', '48', '10.128.0.0', '16', 'BGP', '10.0.0.98', 'vew', 'vlan interface with ip 10.0.0.97/30 is up', '2025-06-19 12:24:18.619617'), ('3709', '48', '10.0.0.100', '30', 'connected', 'n/a', 'vew', 'vlan interface with ip 10.0.0.101/30 is up', '2025-06-19 12:24:18.519498'), ('3708', '48', '10.0.0.96', '30', 'connected', 'n/a', 'vew', 'vlan interface with ip 10.0.0.97/30 is up', '2025-06-19 12:24:18.448956'), ('3718', '48', '10.0.0.97', '32', 'FIB', 'n/a', 'vew', 'vlan interface with ip 10.0.0.97/30 is up', '2025-06-19 12:24:19.731481'), ('3731', '48', '10.0.0.100', '30', 'FIB', 'n/a', 'vew', 'vlan interface with ip 10.0.0.101/30 is up', '2025-06-19 12:24:21.616804'), ('3735', '48', '10.131.0.0', '16', 'FIB', 'n/a', 'vew', 'vlan interface with ip 10.0.0.97/30 is up', '2025-06-19 12:24:21.930598'), ('3733', '48', '10.129.0.0', '16', 'FIB', 'n/a', 'vew', 'vlan interface with ip 10.0.0.97/30 is up', '2025-06-19 12:24:21.775664'), ('3734', '48', '10.130.0.0', '16', 'FIB', 'n/a', 'vew', 'vlan interface with ip 10.0.0.97/30 is up', '2025-06-19 12:24:21.869523'), ('3732', '48', '10.128.0.0', '16', 'FIB', 'n/a', 'vew', 'vlan interface with ip 10.0.0.97/30 is up', '2025-06-19 12:24:21.695659'), ('3722', '48', '10.0.0.103', '32', 'FIB', 'n/a', 'vew', 'vlan interface with ip 10.0.0.101/30 is up', '2025-06-19 12:24:20.340133'), ('3721', '48', '10.0.0.101', '32', 'FIB', 'n/a', 'vew', 'vlan interface with ip 10.0.0.101/30 is up', '2025-06-19 12:24:20.258946'), ('3717', '48', '10.0.0.96', '32', 'FIB', 'n/a', 'vew', 'vlan interface with ip 10.0.0.97/30 is up', '2025-06-19 12:24:19.512862'), ('3719', '48', '10.0.0.99', '32', 'FIB', 'n/a', 'vew', 'vlan interface with ip 10.0.0.97/30 is up', '2025-06-19 12:24:19.937878'), ('3720', '48', '10.0.0.100', '32', 'FIB', 'n/a', 'vew', 'vlan interface with ip 10.0.0.101/30 is up', '2025-06-19 12:24:20.101539'), ('3730', '48', '10.0.0.96', '30', 'FIB', 'n/a', 'vew', 'vlan interface with ip 10.0.0.97/30 is up', '2025-06-19 12:24:21.516828'), ('2200', '21', '192.168.101.128', '27', 'connected', 'n/a', 'unknown', 'vlan interface with ip 192.168.101.129/27 is up', '2025-06-19 12:20:16.014281'), ('2210', '21', '192.168.194.0', '24', 'connected', 'n/a', 'unknown', 'vlan interface with ip 192.168.194.1/24 is up', '2025-06-19 12:20:17.691507'), ('2207', '21', '192.168.150.0', '24', 'connected', 'n/a', 'unknown', 'vlan interface with ip 192.168.150.254/24 is up', '2025-06-19 12:20:17.386062'), ('2202', '21', '192.168.101.224', '28', 'connected', 'n/a', 'unknown', 'vlan interface with ip 192.168.101.225/28 is up', '2025-06-19 12:20:16.379818'), ('2201', '21', '192.168.101.160', '27', 'connected', 'n/a', 'unknown', 'vlan interface with ip 192.168.101.161/27 is up', '2025-06-19 12:20:16.256539'), ('2209', '21', '192.168.191.0', '24', 'connected', 'n/a', 'unknown', 'vlan interface with ip 192.168.191.1/24 is up', '2025-06-19 12:20:17.541864'), ('2196', '21', '172.30.1.184', '29', 'connected', 'n/a', 'unknown', 'vlan interface with ip 172.30.1.190/29 is up', '2025-06-19 12:20:15.612417'), ('3502', '42', '192.168.227.0', '27', 'connected', 'n/a', 'unknown', 'vlan interface with ip 192.168.227.1/27 is up', '2025-06-19 12:23:49.029744'), ('2203', '21', '192.168.101.240', '28', 'connected', 'n/a', 'unknown', 'vlan interface with ip 192.168.101.241/28 is up', '2025-06-19 12:20:16.546793'), ('2206', '21', '192.168.148.0', '24', 'connected', 'n/a', 'unknown', 'vlan interface with ip 192.168.148.254/24 is up', '2025-06-19 12:20:17.328716'), ('2213', '21', '213.166.34.80', '28', 'connected', 'n/a', 'unknown', 'vlan interface with ip 213.166.34.94/28 is up', '2025-06-19 12:20:18.262073'), ('2183', '21', '37.157.152.128', '29', 'connected', 'n/a', 'unknown', 'vlan interface with ip 37.157.152.134/29 is up', '2025-06-19 12:20:13.048226'), ('2211', '21', '192.168.195.0', '24', 'connected', 'n/a', 'unknown', 'vlan interface with ip 192.168.195.1/24 is up', '2025-06-19 12:20:17.876453'), ('2212', '21', '192.168.197.0', '24', 'connected', 'n/a', 'unknown', 'vlan interface with ip 192.168.197.1/24 is up', '2025-06-19 12:20:18.007716'), ('2215', '21', '213.166.61.24', '29', 'connected', 'n/a', 'unknown', 'vlan interface with ip 213.166.61.30/29 is up', '2025-06-19 12:20:19.032618'), ('2205', '21', '192.168.111.0', '24', 'connected', 'n/a', 'unknown', 'vlan interface with ip 192.168.111.1/24 is up', '2025-06-19 12:20:17.192055'), ('2264', '21', '10.20.0.0', '16', 'FIB', 'n/a', 'unknown', 'vlan interface with ip 213.166.34.94/28 is up', '2025-06-19 12:20:26.027043'), ('2265', '21', '10.30.0.0', '15', 'FIB', 'n/a', 'unknown', 'vlan interface with ip 213.166.34.94/28 is up', '2025-06-19 12:20:26.172305'), ('2305', '21', '172.29.250.15', '32', 'FIB', 'n/a', 'unknown', 'vlan interface with ip 172.30.1.190/29 is up', '2025-06-19 12:20:33.271907'), ('2306', '21', '172.30.1.184', '29', 'FIB', 'n/a', 'unknown', 'vlan interface with ip 172.30.1.190/29 is up', '2025-06-19 12:20:33.330828'), ('2260', '21', '213.166.34.95', '32', 'FIB', 'n/a', 'unknown', 'vlan interface with ip 213.166.34.94/28 is up', '2025-06-19 12:20:25.17693'), ('2259', '21', '213.166.34.94', '32', 'FIB', 'n/a', 'unknown', 'vlan interface with ip 213.166.34.94/28 is up', '2025-06-19 12:20:24.971393'), ('2275', '21', '10.115.7.0', '24', 'FIB', 'n/a', 'unknown', 'vlan interface with ip 172.30.1.190/29 is up', '2025-06-19 12:20:28.747786'), ('2281', '21', '10.119.128.0', '24', 'FIB', 'n/a', 'unknown', 'vlan interface with ip 37.157.152.134/29 is up', '2025-06-19 12:20:30.15677'), ('2312', '21', '192.168.101.224', '28', 'FIB', 'n/a', 'unknown', 'vlan interface with ip 192.168.101.225/28 is up', '2025-06-19 12:20:33.855546'), ('2280', '21', '10.119.0.0', '24', 'FIB', 'n/a', 'unknown', 'vlan interface with ip 213.166.61.30/29 is up', '2025-06-19 12:20:29.999814'), ('2293', '21', '37.157.152.128', '29', 'FIB', 'n/a', 'unknown', 'vlan interface with ip 37.157.152.134/29 is up', '2025-06-19 12:20:31.151479'), ('2310', '21', '192.168.101.128', '27', 'FIB', 'n/a', 'unknown', 'vlan interface with ip 192.168.101.129/27 is up', '2025-06-19 12:20:33.591307'), ('2272', '21', '10.70.112.0', '24', 'FIB', 'n/a', 'unknown', 'vlan interface with ip 172.30.1.190/29 is up', '2025-06-19 12:20:28.059406'), ('2253', '21', '192.168.195.1', '32', 'FIB', 'n/a', 'unknown', 'vlan interface with ip 192.168.195.1/24 is up', '2025-06-19 12:20:24.172673'), ('2285', '21', '10.160.0.0', '11', 'FIB', 'n/a', 'unknown', 'vlan interface with ip 213.166.61.30/29 is up', '2025-06-19 12:20:30.541072'), ('3510', '42', '192.168.227.0', '32', 'FIB', 'n/a', 'unknown', 'vlan interface with ip 192.168.227.1/27 is up', '2025-06-19 12:23:49.681842'), ('2236', '21', '192.168.101.255', '32', 'FIB', 'n/a', 'unknown', 'vlan interface with ip 192.168.101.241/28 is up', '2025-06-19 12:20:22.208457'), ('2230', '21', '192.168.101.191', '32', 'FIB', 'n/a', 'unknown', 'vlan interface with ip 192.168.101.161/27 is up', '2025-06-19 12:20:21.616565'), ('2238', '21', '192.168.111.1', '32', 'FIB', 'n/a', 'unknown', 'vlan interface with ip 192.168.111.1/24 is up', '2025-06-19 12:20:22.642919'), ('2223', '21', '172.30.1.190', '32', 'FIB', 'n/a', 'unknown', 'vlan interface with ip 172.30.1.190/29 is up', '2025-06-19 12:20:19.98386'), ('2218', '21', '37.157.152.135', '32', 'FIB', 'n/a', 'unknown', 'vlan interface with ip 37.157.152.134/29 is up', '2025-06-19 12:20:19.425799'), ('2284', '21', '10.128.0.0', '11', 'FIB', 'n/a', 'unknown', 'vlan interface with ip 213.166.61.30/29 is up', '2025-06-19 12:20:30.431616'), ('2299', '21', '172.27.40.10', '32', 'FIB', 'n/a', 'unknown', 'vlan interface with ip 172.30.1.190/29 is up', '2025-06-19 12:20:32.191506'), ('2309', '21', '192.168.20.0', '24', 'FIB', 'n/a', 'unknown', 'vlan interface with ip 172.30.1.190/29 is up', '2025-06-19 12:20:33.520167'), ('2324', '21', '213.166.38.0', '25', 'FIB', 'n/a', 'unknown', 'vlan interface with ip 172.30.1.190/29 is up', '2025-06-19 12:20:38.824041'), ('2247', '21', '192.168.191.1', '32', 'FIB', 'n/a', 'unknown', 'vlan interface with ip 192.168.191.1/24 is up', '2025-06-19 12:20:23.506593'), ('2289', '21', '10.226.117.248', '32', 'FIB', 'n/a', 'unknown', 'vlan interface with ip 172.30.1.190/29 is up', '2025-06-19 12:20:30.85277'), ('2308', '21', '172.30.253.0', '24', 'FIB', 'n/a', 'unknown', 'vlan interface with ip 172.30.1.190/29 is up', '2025-06-19 12:20:33.460356'), ('2240', '21', '192.168.148.0', '32', 'FIB', 'n/a', 'unknown', 'vlan interface with ip 192.168.148.254/24 is up', '2025-06-19 12:20:22.950354'), ('2286', '21', '10.192.0.0', '13', 'FIB', 'n/a', 'unknown', 'vlan interface with ip 213.166.61.30/29 is up', '2025-06-19 12:20:30.591699'), ('2288', '21', '10.224.0.0', '12', 'FIB', 'n/a', 'unknown', 'vlan interface with ip 213.166.61.30/29 is up', '2025-06-19 12:20:30.784743'), ('2246', '21', '192.168.191.0', '32', 'FIB', 'n/a', 'unknown', 'vlan interface with ip 192.168.191.1/24 is up', '2025-06-19 12:20:23.430771'), ('2323', '21', '213.166.34.80', '28', 'FIB', 'n/a', 'unknown', 'vlan interface with ip 213.166.34.94/28 is up', '2025-06-19 12:20:38.768852'), ('2325', '21', '213.166.61.24', '29', 'FIB', 'n/a', 'unknown', 'vlan interface with ip 213.166.61.30/29 is up', '2025-06-19 12:20:38.892951'), ('2300', '21', '172.27.41.0', '26', 'FIB', 'n/a', 'unknown', 'vlan interface with ip 172.30.1.190/29 is up', '2025-06-19 12:20:32.498363'), ('2295', '21', '172.16.2.0', '24', 'FIB', 'n/a', 'unknown', 'vlan interface with ip 172.30.1.190/29 is up', '2025-06-19 12:20:31.480497'), ('2287', '21', '10.208.0.0', '12', 'FIB', 'n/a', 'unknown', 'vlan interface with ip 213.166.34.94/28 is up', '2025-06-19 12:20:30.638659'), ('2302', '21', '172.27.42.0', '26', 'FIB', 'n/a', 'unknown', 'vlan interface with ip 172.30.1.190/29 is up', '2025-06-19 12:20:32.841442'), ('2296', '21', '172.19.128.0', '20', 'FIB', 'n/a', 'unknown', 'vlan interface with ip 213.166.61.30/29 is up', '2025-06-19 12:20:31.69995'), ('2279', '21', '10.115.192.0', '18', 'FIB', 'n/a', 'unknown', 'vlan interface with ip 172.30.1.190/29 is up', '2025-06-19 12:20:29.864915'), ('2301', '21', '172.27.41.17', '32', 'FIB', 'n/a', 'unknown', 'vlan interface with ip 172.30.1.190/29 is up', '2025-06-19 12:20:32.677435'), ('2216', '21', '37.157.152.128', '32', 'FIB', 'n/a', 'unknown', 'vlan interface with ip 37.157.152.134/29 is up', '2025-06-19 12:20:19.184997'), ('2297', '21', '172.27.4.248', '32', 'FIB', 'n/a', 'unknown', 'vlan interface with ip 172.30.1.190/29 is up', '2025-06-19 12:20:31.889598'), ('2276', '21', '10.115.136.0', '22', 'FIB', 'n/a', 'unknown', 'vlan interface with ip 172.30.1.190/29 is up', '2025-06-19 12:20:28.983258'), ('2277', '21', '10.115.144.0', '22', 'FIB', 'n/a', 'unknown', 'vlan interface with ip 172.30.1.190/29 is up', '2025-06-19 12:20:29.164361'), ('2269', '21', '10.51.0.0', '24', 'FIB', 'n/a', 'unknown', 'vlan interface with ip 172.30.1.190/29 is up', '2025-06-19 12:20:27.488621'), ('2270', '21', '10.64.0.0', '11', 'FIB', 'n/a', 'unknown', 'vlan interface with ip 213.166.34.94/28 is up', '2025-06-19 12:20:27.666769'), ('2307', '21', '172.30.16.0', '24', 'FIB', 'n/a', 'unknown', 'vlan interface with ip 172.30.1.190/29 is up', '2025-06-19 12:20:33.378576'), ('2303', '21', '172.28.0.0', '16', 'FIB', 'n/a', 'unknown', 'vlan interface with ip 172.30.1.190/29 is up', '2025-06-19 12:20:33.006807'), ('2315', '21', '192.168.111.0', '24', 'FIB', 'n/a', 'unknown', 'vlan interface with ip 192.168.111.1/24 is up', '2025-06-19 12:20:34.204446'), ('2283', '21', '10.121.200.0', '24', 'FIB', 'n/a', 'unknown', 'vlan interface with ip 172.30.1.190/29 is up', '2025-06-19 12:20:30.332285'), ('2274', '21', '10.112.0.0', '16', 'FIB', 'n/a', 'unknown', 'vlan interface with ip 213.166.34.94/28 is up', '2025-06-19 12:20:28.486496'), ('2252', '21', '192.168.195.0', '32', 'FIB', 'n/a', 'unknown', 'vlan interface with ip 192.168.195.1/24 is up', '2025-06-19 12:20:24.049915'), ('2313', '21', '192.168.101.240', '28', 'FIB', 'n/a', 'unknown', 'vlan interface with ip 192.168.101.241/28 is up', '2025-06-19 12:20:33.934028'), ('2311', '21', '192.168.101.160', '27', 'FIB', 'n/a', 'unknown', 'vlan interface with ip 192.168.101.161/27 is up', '2025-06-19 12:20:33.753616'), ('2251', '21', '192.168.194.255', '32', 'FIB', 'n/a', 'unknown', 'vlan interface with ip 192.168.194.1/24 is up', '2025-06-19 12:20:23.974515'), ('2322', '21', '192.168.197.0', '24', 'FIB', 'n/a', 'unknown', 'vlan interface with ip 192.168.197.1/24 is up', '2025-06-19 12:20:38.62303'), ('2258', '21', '213.166.34.80', '32', 'FIB', 'n/a', 'unknown', 'vlan interface with ip 213.166.34.94/28 is up', '2025-06-19 12:20:24.747298'), ('2226', '21', '192.168.101.129', '32', 'FIB', 'n/a', 'unknown', 'vlan interface with ip 192.168.101.129/27 is up', '2025-06-19 12:20:20.379613'), ('2222', '21', '172.30.1.184', '32', 'FIB', 'n/a', 'unknown', 'vlan interface with ip 172.30.1.190/29 is up', '2025-06-19 12:20:19.914899'), ('2255', '21', '192.168.197.0', '32', 'FIB', 'n/a', 'unknown', 'vlan interface with ip 192.168.197.1/24 is up', '2025-06-19 12:20:24.416339'), ('2245', '21', '192.168.150.255', '32', 'FIB', 'n/a', 'unknown', 'vlan interface with ip 192.168.150.254/24 is up', '2025-06-19 12:20:23.361779'), ('2256', '21', '192.168.197.1', '32', 'FIB', 'n/a', 'unknown', 'vlan interface with ip 192.168.197.1/24 is up', '2025-06-19 12:20:24.474908'), ('2243', '21', '192.168.150.0', '32', 'FIB', 'n/a', 'unknown', 'vlan interface with ip 192.168.150.254/24 is up', '2025-06-19 12:20:23.199115'), ('2237', '21', '192.168.111.0', '32', 'FIB', 'n/a', 'unknown', 'vlan interface with ip 192.168.111.1/24 is up', '2025-06-19 12:20:22.425777'), ('2244', '21', '192.168.150.254', '32', 'FIB', 'n/a', 'unknown', 'vlan interface with ip 192.168.150.254/24 is up', '2025-06-19 12:20:23.278169'), ('2257', '21', '192.168.197.255', '32', 'FIB', 'n/a', 'unknown', 'vlan interface with ip 192.168.197.1/24 is up', '2025-06-19 12:20:24.632271'), ('2314', '21', '192.168.110.0', '32', 'FIB', 'n/a', 'unknown', 'vlan interface with ip 172.30.1.190/29 is up', '2025-06-19 12:20:34.057993'), ('2273', '21', '10.97.0.0', '16', 'FIB', 'n/a', 'unknown', 'vlan interface with ip 213.166.34.94/28 is up', '2025-06-19 12:20:28.30308'), ('2229', '21', '192.168.101.161', '32', 'FIB', 'n/a', 'unknown', 'vlan interface with ip 192.168.101.161/27 is up', '2025-06-19 12:20:21.490968'), ('2228', '21', '192.168.101.160', '32', 'FIB', 'n/a', 'unknown', 'vlan interface with ip 192.168.101.161/27 is up', '2025-06-19 12:20:20.820769'), ('2227', '21', '192.168.101.159', '32', 'FIB', 'n/a', 'unknown', 'vlan interface with ip 192.168.101.129/27 is up', '2025-06-19 12:20:20.499441'), ('2224', '21', '172.30.1.191', '32', 'FIB', 'n/a', 'unknown', 'vlan interface with ip 172.30.1.190/29 is up', '2025-06-19 12:20:20.144909'), ('2319', '21', '192.168.191.0', '24', 'FIB', 'n/a', 'unknown', 'vlan interface with ip 192.168.191.1/24 is up', '2025-06-19 12:20:34.668572'), ('2234', '21', '192.168.101.240', '32', 'FIB', 'n/a', 'unknown', 'vlan interface with ip 192.168.101.241/28 is up', '2025-06-19 12:20:21.998546'), ('2318', '21', '192.168.190.0', '24', 'FIB', 'n/a', 'unknown', 'vlan interface with ip 172.30.1.190/29 is up', '2025-06-19 12:20:34.454329'), ('2241', '21', '192.168.148.254', '32', 'FIB', 'n/a', 'unknown', 'vlan interface with ip 192.168.148.254/24 is up', '2025-06-19 12:20:23.025403'), ('3519', '42', '192.168.227.0', '27', 'FIB', 'n/a', 'unknown', 'vlan interface with ip 192.168.227.1/27 is up', '2025-06-19 12:23:50.676982'), ('2317', '21', '192.168.150.0', '24', 'FIB', 'n/a', 'unknown', 'vlan interface with ip 192.168.150.254/24 is up', '2025-06-19 12:20:34.341338'), ('3511', '42', '192.168.227.1', '32', 'FIB', 'n/a', 'unknown', 'vlan interface with ip 192.168.227.1/27 is up', '2025-06-19 12:23:49.768256'), ('2217', '21', '37.157.152.134', '32', 'FIB', 'n/a', 'unknown', 'vlan interface with ip 37.157.152.134/29 is up', '2025-06-19 12:20:19.301189'), ('2233', '21', '192.168.101.239', '32', 'FIB', 'n/a', 'unknown', 'vlan interface with ip 192.168.101.225/28 is up', '2025-06-19 12:20:21.876246'), ('2225', '21', '192.168.101.128', '32', 'FIB', 'n/a', 'unknown', 'vlan interface with ip 192.168.101.129/27 is up', '2025-06-19 12:20:20.20259'), ('2232', '21', '192.168.101.225', '32', 'FIB', 'n/a', 'unknown', 'vlan interface with ip 192.168.101.225/28 is up', '2025-06-19 12:20:21.801437'), ('2231', '21', '192.168.101.224', '32', 'FIB', 'n/a', 'unknown', 'vlan interface with ip 192.168.101.225/28 is up', '2025-06-19 12:20:21.691442'), ('2291', '21', '10.232.14.0', '23', 'FIB', 'n/a', 'unknown', 'vlan interface with ip 172.30.1.190/29 is up', '2025-06-19 12:20:30.97615'), ('2268', '21', '10.42.63.0', '24', 'FIB', 'n/a', 'unknown', 'vlan interface with ip 172.30.1.190/29 is up', '2025-06-19 12:20:27.131059'), ('2239', '21', '192.168.111.255', '32', 'FIB', 'n/a', 'unknown', 'vlan interface with ip 192.168.111.1/24 is up', '2025-06-19 12:20:22.855124'), ('2242', '21', '192.168.148.255', '32', 'FIB', 'n/a', 'unknown', 'vlan interface with ip 192.168.148.254/24 is up', '2025-06-19 12:20:23.13542'), ('2249', '21', '192.168.194.0', '32', 'FIB', 'n/a', 'unknown', 'vlan interface with ip 192.168.194.1/24 is up', '2025-06-19 12:20:23.671871'), ('2248', '21', '192.168.191.255', '32', 'FIB', 'n/a', 'unknown', 'vlan interface with ip 192.168.191.1/24 is up', '2025-06-19 12:20:23.583871'), ('2250', '21', '192.168.194.1', '32', 'FIB', 'n/a', 'unknown', 'vlan interface with ip 192.168.194.1/24 is up', '2025-06-19 12:20:23.903743'), ('2254', '21', '192.168.195.255', '32', 'FIB', 'n/a', 'unknown', 'vlan interface with ip 192.168.195.1/24 is up', '2025-06-19 12:20:24.264465'), ('2267', '21', '10.42.0.0', '24', 'FIB', 'n/a', 'unknown', 'vlan interface with ip 172.30.1.190/29 is up', '2025-06-19 12:20:26.989922'), ('2263', '21', '213.166.61.31', '32', 'FIB', 'n/a', 'unknown', 'vlan interface with ip 213.166.61.30/29 is up', '2025-06-19 12:20:25.658643'), ('2262', '21', '213.166.61.30', '32', 'FIB', 'n/a', 'unknown', 'vlan interface with ip 213.166.61.30/29 is up', '2025-06-19 12:20:25.417018'), ('2261', '21', '213.166.61.24', '32', 'FIB', 'n/a', 'unknown', 'vlan interface with ip 213.166.61.30/29 is up', '2025-06-19 12:20:25.301996'), ('2320', '21', '192.168.194.0', '24', 'FIB', 'n/a', 'unknown', 'vlan interface with ip 192.168.194.1/24 is up', '2025-06-19 12:20:34.831114'), ('2266', '21', '10.32.0.0', '11', 'FIB', 'n/a', 'unknown', 'vlan interface with ip 213.166.34.94/28 is up', '2025-06-19 12:20:26.671769'), ('2292', '21', '10.248.0.0', '13', 'FIB', 'n/a', 'unknown', 'vlan interface with ip 37.157.152.134/29 is up', '2025-06-19 12:20:31.070254'), ('3512', '42', '192.168.227.31', '32', 'FIB', 'n/a', 'unknown', 'vlan interface with ip 192.168.227.1/27 is up', '2025-06-19 12:23:49.852122'), ('2235', '21', '192.168.101.241', '32', 'FIB', 'n/a', 'unknown', 'vlan interface with ip 192.168.101.241/28 is up', '2025-06-19 12:20:22.124495'), ('2278', '21', '10.115.160.0', '24', 'FIB', 'n/a', 'unknown', 'vlan interface with ip 172.30.1.190/29 is up', '2025-06-19 12:20:29.458061'), ('2316', '21', '192.168.148.0', '24', 'FIB', 'n/a', 'unknown', 'vlan interface with ip 192.168.148.254/24 is up', '2025-06-19 12:20:34.259999'), ('2304', '21', '172.29.245.1', '32', 'FIB', 'n/a', 'unknown', 'vlan interface with ip 172.30.1.190/29 is up', '2025-06-19 12:20:33.126523'), ('2282', '21', '10.120.0.0', '13', 'FIB', 'n/a', 'unknown', 'vlan interface with ip 213.166.61.30/29 is up', '2025-06-19 12:20:30.234086'), ('2321', '21', '192.168.195.0', '24', 'FIB', 'n/a', 'unknown', 'vlan interface with ip 192.168.195.1/24 is up', '2025-06-19 12:20:38.444865'), ('2298', '21', '172.27.13.0', '24', 'FIB', 'n/a', 'unknown', 'vlan interface with ip 172.30.1.190/29 is up', '2025-06-19 12:20:32.041956'), ('2271', '21', '10.70.96.0', '24', 'FIB', 'n/a', 'unknown', 'vlan interface with ip 172.30.1.190/29 is up', '2025-06-19 12:20:27.856414'), ('2290', '21', '10.232.13.0', '24', 'FIB', 'n/a', 'unknown', 'vlan interface with ip 172.30.1.190/29 is up', '2025-06-19 12:20:30.921099'), ('2186', '21', '172.19.128.0', '20', 'static', '213.166.61.25', 'unknown', 'vlan interface with ip 213.166.61.30/29 is up', '2025-06-19 12:20:13.504253'), ('2190', '21', '172.27.41.0', '26', 'static', '172.30.1.185', 'unknown', 'vlan interface with ip 172.30.1.190/29 is up', '2025-06-19 12:20:14.072349'), ('2182', '21', '10.248.0.0', '13', 'static', '37.157.152.129', 'unknown', 'vlan interface with ip 37.157.152.134/29 is up', '2025-06-19 12:20:12.918872'), ('2187', '21', '172.27.4.248', '32', 'static', '172.30.1.185', 'unknown', 'vlan interface with ip 172.30.1.190/29 is up', '2025-06-19 12:20:13.670344'), ('2161', '21', '10.70.96.0', '24', 'static', '172.30.1.185', 'unknown', 'vlan interface with ip 172.30.1.190/29 is up', '2025-06-19 12:20:08.442511'), ('2159', '21', '10.51.0.0', '24', 'static', '172.30.1.185', 'unknown', 'vlan interface with ip 172.30.1.190/29 is up', '2025-06-19 12:20:07.905778'), ('2171', '21', '10.119.128.0', '24', 'static', '37.157.152.129', 'unknown', 'vlan interface with ip 37.157.152.134/29 is up', '2025-06-19 12:20:11.19503'), ('2199', '21', '192.168.20.0', '24', 'static', '172.30.1.185', 'unknown', 'vlan interface with ip 172.30.1.190/29 is up', '2025-06-19 12:20:15.921485'), ('2195', '21', '172.29.250.15', '32', 'static', '172.30.1.185', 'unknown', 'vlan interface with ip 172.30.1.190/29 is up', '2025-06-19 12:20:15.31094'), ('2172', '21', '10.120.0.0', '13', 'static', '213.166.61.25', 'unknown', 'vlan interface with ip 213.166.61.30/29 is up', '2025-06-19 12:20:11.289723'), ('2192', '21', '172.27.42.0', '26', 'static', '172.30.1.185', 'unknown', 'vlan interface with ip 172.30.1.190/29 is up', '2025-06-19 12:20:14.580478'), ('2170', '21', '10.119.0.0', '24', 'static', '213.166.61.25', 'unknown', 'vlan interface with ip 213.166.61.30/29 is up', '2025-06-19 12:20:11.019977'), ('2214', '21', '213.166.38.0', '25', 'static', '172.30.1.185', 'unknown', 'vlan interface with ip 172.30.1.190/29 is up', '2025-06-19 12:20:18.49468'), ('2208', '21', '192.168.190.0', '24', 'static', '172.30.1.185', 'unknown', 'vlan interface with ip 172.30.1.190/29 is up', '2025-06-19 12:20:17.461747'), ('2198', '21', '172.30.253.0', '24', 'static', '172.30.1.185', 'unknown', 'vlan interface with ip 172.30.1.190/29 is up', '2025-06-19 12:20:15.823062'), ('2204', '21', '192.168.110.0', '32', 'static', '172.30.1.185', 'unknown', 'vlan interface with ip 172.30.1.190/29 is up', '2025-06-19 12:20:16.975065'), ('2194', '21', '172.29.245.1', '32', 'static', '172.30.1.185', 'unknown', 'vlan interface with ip 172.30.1.190/29 is up', '2025-06-19 12:20:15.041946'), ('2191', '21', '172.27.41.17', '32', 'static', '172.30.1.185', 'unknown', 'vlan interface with ip 172.30.1.190/29 is up', '2025-06-19 12:20:14.310465'), ('2193', '21', '172.28.0.0', '16', 'static', '172.30.1.185', 'unknown', 'vlan interface with ip 172.30.1.190/29 is up', '2025-06-19 12:20:14.931163'), ('2197', '21', '172.30.16.0', '24', 'static', '172.30.1.185', 'unknown', 'vlan interface with ip 172.30.1.190/29 is up', '2025-06-19 12:20:15.755365'), ('2188', '21', '172.27.13.0', '24', 'static', '172.30.1.185', 'unknown', 'vlan interface with ip 172.30.1.190/29 is up', '2025-06-19 12:20:13.824448'), ('2185', '21', '172.16.2.0', '24', 'static', '172.30.1.185', 'unknown', 'vlan interface with ip 172.30.1.190/29 is up', '2025-06-19 12:20:13.366013'), ('2189', '21', '172.27.40.10', '32', 'static', '172.30.1.185', 'unknown', 'vlan interface with ip 172.30.1.190/29 is up', '2025-06-19 12:20:13.942471'), ('2180', '21', '10.232.13.0', '24', 'static', '172.30.1.185', 'unknown', 'vlan interface with ip 172.30.1.190/29 is up', '2025-06-19 12:20:12.641124'), ('2178', '21', '10.224.0.0', '12', 'static', '213.166.61.25', 'unknown', 'vlan interface with ip 213.166.61.30/29 is up', '2025-06-19 12:20:12.261797'), ('2179', '21', '10.226.117.248', '32', 'static', '172.30.1.185', 'unknown', 'vlan interface with ip 172.30.1.190/29 is up', '2025-06-19 12:20:12.41803'), ('2181', '21', '10.232.14.0', '23', 'static', '172.30.1.185', 'unknown', 'vlan interface with ip 172.30.1.190/29 is up', '2025-06-19 12:20:12.840102'), ('2173', '21', '10.121.200.0', '24', 'static', '172.30.1.185', 'unknown', 'vlan interface with ip 172.30.1.190/29 is up', '2025-06-19 12:20:11.387239'), ('2169', '21', '10.115.192.0', '18', 'static', '172.30.1.185', 'unknown', 'vlan interface with ip 172.30.1.190/29 is up', '2025-06-19 12:20:10.903983'), ('2174', '21', '10.128.0.0', '11', 'static', '213.166.61.25', 'unknown', 'vlan interface with ip 213.166.61.30/29 is up', '2025-06-19 12:20:11.507499'), ('2167', '21', '10.115.144.0', '22', 'static', '172.30.1.185', 'unknown', 'vlan interface with ip 172.30.1.190/29 is up', '2025-06-19 12:20:10.627024'), ('2168', '21', '10.115.160.0', '24', 'static', '172.30.1.185', 'unknown', 'vlan interface with ip 172.30.1.190/29 is up', '2025-06-19 12:20:10.767589'), ('2165', '21', '10.115.7.0', '24', 'static', '172.30.1.185', 'unknown', 'vlan interface with ip 172.30.1.190/29 is up', '2025-06-19 12:20:09.867022'), ('2175', '21', '10.160.0.0', '11', 'static', '213.166.61.25', 'unknown', 'vlan interface with ip 213.166.61.30/29 is up', '2025-06-19 12:20:11.581226'), ('2162', '21', '10.70.112.0', '24', 'static', '172.30.1.185', 'unknown', 'vlan interface with ip 172.30.1.190/29 is up', '2025-06-19 12:20:08.700763'), ('2160', '21', '10.64.0.0', '11', 'static', '213.166.34.81', 'unknown', 'vlan interface with ip 213.166.34.94/28 is up', '2025-06-19 12:20:08.239623'), ('2163', '21', '10.97.0.0', '16', 'static', '213.166.34.81', 'unknown', 'vlan interface with ip 213.166.34.94/28 is up', '2025-06-19 12:20:08.969593'), ('2176', '21', '10.192.0.0', '13', 'static', '213.166.61.25', 'unknown', 'vlan interface with ip 213.166.61.30/29 is up', '2025-06-19 12:20:11.784078'), ('2164', '21', '10.112.0.0', '16', 'static', '213.166.34.81', 'unknown', 'vlan interface with ip 213.166.34.94/28 is up', '2025-06-19 12:20:09.421077'), ('2156', '21', '10.32.0.0', '11', 'static', '213.166.34.81', 'unknown', 'vlan interface with ip 213.166.34.94/28 is up', '2025-06-19 12:20:06.761195'), ('2155', '21', '10.30.0.0', '15', 'static', '213.166.34.81', 'unknown', 'vlan interface with ip 213.166.34.94/28 is up', '2025-06-19 12:20:05.953746'), ('2154', '21', '10.20.0.0', '16', 'static', '213.166.34.81', 'unknown', 'vlan interface with ip 213.166.34.94/28 is up', '2025-06-19 12:20:05.509122'), ('2157', '21', '10.42.0.0', '24', 'static', '172.30.1.185', 'unknown', 'vlan interface with ip 172.30.1.190/29 is up', '2025-06-19 12:20:07.103259'), ('2158', '21', '10.42.63.0', '24', 'static', '172.30.1.185', 'unknown', 'vlan interface with ip 172.30.1.190/29 is up', '2025-06-19 12:20:07.483767'), ('2177', '21', '10.208.0.0', '12', 'static', '213.166.34.81', 'unknown', 'vlan interface with ip 213.166.34.94/28 is up', '2025-06-19 12:20:12.041499'), ('2166', '21', '10.115.136.0', '22', 'static', '172.30.1.185', 'unknown', 'vlan interface with ip 172.30.1.190/29 is up', '2025-06-19 12:20:10.453388'), ('4727', '84', '213.166.34.32', '29', 'connected', 'n/a', 'tooost', 'vlan interface with ip 213.166.34.38/29 is up', '2025-06-19 12:27:07.579502'), ('4731', '84', '213.166.34.32', '32', 'FIB', 'n/a', 'tooost', 'vlan interface with ip 213.166.34.38/29 is up', '2025-06-19 12:27:07.996369'), ('4732', '84', '213.166.34.38', '32', 'FIB', 'n/a', 'tooost', 'vlan interface with ip 213.166.34.38/29 is up', '2025-06-19 12:27:08.088708'), ('4735', '84', '172.16.0.0', '13', 'FIB', 'n/a', 'tooost', 'vlan interface with ip 213.166.34.38/29 is up', '2025-06-19 12:27:08.607504'), ('4736', '84', '213.166.34.32', '29', 'FIB', 'n/a', 'tooost', 'vlan interface with ip 213.166.34.38/29 is up', '2025-06-19 12:27:08.891272'), ('4733', '84', '213.166.34.39', '32', 'FIB', 'n/a', 'tooost', 'vlan interface with ip 213.166.34.38/29 is up', '2025-06-19 12:27:08.237899'), ('4726', '84', '172.16.0.0', '13', 'static', '213.166.34.33', 'tooost', 'vlan interface with ip 213.166.34.38/29 is up', '2025-06-19 12:27:07.446456'), ('4713', '83', '213.166.34.32', '29', 'connected', 'n/a', 'tns', 'vlan interface with ip 213.166.34.38/29 is up', '2025-06-19 12:27:05.577781'), ('4723', '83', '192.168.0.0', '16', 'FIB', 'n/a', 'tns', 'vlan interface with ip 213.166.34.38/29 is up', '2025-06-19 12:27:07.200798'), ('4724', '83', '213.166.34.32', '29', 'FIB', 'n/a', 'tns', 'vlan interface with ip 213.166.34.38/29 is up', '2025-06-19 12:27:07.276041'), ('4722', '83', '172.16.0.0', '12', 'FIB', 'n/a', 'tns', 'vlan interface with ip 213.166.34.38/29 is up', '2025-06-19 12:27:07.156629'), ('4720', '83', '10.0.0.0', '8', 'FIB', 'n/a', 'tns', 'vlan interface with ip 213.166.34.38/29 is up', '2025-06-19 12:27:06.956468'), ('4718', '83', '213.166.34.38', '32', 'FIB', 'n/a', 'tns', 'vlan interface with ip 213.166.34.38/29 is up', '2025-06-19 12:27:06.514956'), ('4719', '83', '213.166.34.39', '32', 'FIB', 'n/a', 'tns', 'vlan interface with ip 213.166.34.38/29 is up', '2025-06-19 12:27:06.682896'), ('4717', '83', '213.166.34.32', '32', 'FIB', 'n/a', 'tns', 'vlan interface with ip 213.166.34.38/29 is up', '2025-06-19 12:27:06.400502'), ('4709', '83', '10.0.0.0', '8', 'static', '213.166.34.33', 'tns', 'vlan interface with ip 213.166.34.38/29 is up', '2025-06-19 12:27:04.983234'), ('4711', '83', '172.16.0.0', '12', 'static', '213.166.34.33', 'tns', 'vlan interface with ip 213.166.34.38/29 is up', '2025-06-19 12:27:05.362148'), ('4712', '83', '192.168.0.0', '16', 'static', '213.166.34.33', 'tns', 'vlan interface with ip 213.166.34.38/29 is up', '2025-06-19 12:27:05.449319'), ('3679', '47', '213.166.34.0', '29', 'connected', 'n/a', 'tids', 'vlan interface with ip 213.166.34.6/29 is up', '2025-06-19 12:24:15.177063'), ('3698', '47', '10.101.0.0', '20', 'FIB', 'n/a', 'tids', 'tunnel interface is up', '2025-06-19 12:24:17.600464'), ('3706', '47', '213.166.34.0', '29', 'FIB', 'n/a', 'tids', 'vlan interface with ip 213.166.34.6/29 is up', '2025-06-19 12:24:18.245346'), ('3697', '47', '10.12.73.0', '26', 'FIB', 'n/a', 'tids', 'vlan interface with ip 213.166.34.6/29 is up', '2025-06-19 12:24:17.503543'), ('3704', '47', '10.232.0.0', '20', 'FIB', 'n/a', 'tids', 'tunnel interface is up', '2025-06-19 12:24:18.100486'), ('3703', '47', '10.224.0.0', '20', 'FIB', 'n/a', 'tids', 'tunnel interface is up', '2025-06-19 12:24:18.014028'), ('3699', '47', '10.121.200.0', '24', 'FIB', 'n/a', 'tids', 'tunnel interface is up', '2025-06-19 12:24:17.700018'), ('3695', '47', '10.12.71.0', '25', 'FIB', 'n/a', 'tids', 'vlan interface with ip 213.166.34.6/29 is up', '2025-06-19 12:24:17.336522'), ('3696', '47', '10.12.72.0', '26', 'FIB', 'n/a', 'tids', 'vlan interface with ip 213.166.34.6/29 is up', '2025-06-19 12:24:17.412516'), ('3693', '47', '10.12.69.0', '25', 'FIB', 'n/a', 'tids', 'vlan interface with ip 213.166.34.6/29 is up', '2025-06-19 12:24:17.105216'), ('3690', '47', '10.12.66.0', '24', 'FIB', 'n/a', 'tids', 'vlan interface with ip 213.166.34.6/29 is up', '2025-06-19 12:24:16.772705'), ('3688', '47', '10.12.64.0', '24', 'FIB', 'n/a', 'tids', 'vlan interface with ip 213.166.34.6/29 is up', '2025-06-19 12:24:16.349283'), ('3692', '47', '10.12.68.0', '25', 'FIB', 'n/a', 'tids', 'vlan interface with ip 213.166.34.6/29 is up', '2025-06-19 12:24:17.025098'), ('3685', '47', '213.166.34.7', '32', 'FIB', 'n/a', 'tids', 'vlan interface with ip 213.166.34.6/29 is up', '2025-06-19 12:24:15.920504'), ('3683', '47', '213.166.34.0', '32', 'FIB', 'n/a', 'tids', 'vlan interface with ip 213.166.34.6/29 is up', '2025-06-19 12:24:15.540048'), ('3686', '47', '10.7.0.0', '20', 'FIB', 'n/a', 'tids', 'tunnel interface is up', '2025-06-19 12:24:16.118473'), ('3687', '47', '10.10.10.0', '24', 'FIB', 'n/a', 'tids', 'tunnel interface is up', '2025-06-19 12:24:16.186161'), ('3684', '47', '213.166.34.6', '32', 'FIB', 'n/a', 'tids', 'vlan interface with ip 213.166.34.6/29 is up', '2025-06-19 12:24:15.749895'), ('3689', '47', '10.12.65.0', '24', 'FIB', 'n/a', 'tids', 'vlan interface with ip 213.166.34.6/29 is up', '2025-06-19 12:24:16.526923'), ('3691', '47', '10.12.67.0', '24', 'FIB', 'n/a', 'tids', 'vlan interface with ip 213.166.34.6/29 is up', '2025-06-19 12:24:16.927675'), ('3694', '47', '10.12.70.0', '25', 'FIB', 'n/a', 'tids', 'vlan interface with ip 213.166.34.6/29 is up', '2025-06-19 12:24:17.207716'), ('3664', '47', '10.12.64.0', '24', 'static', '213.166.34.1', 'tids', 'vlan interface with ip 213.166.34.6/29 is up', '2025-06-19 12:24:12.812721'), ('3677', '47', '10.232.0.0', '20', 'static', '', 'tids', 'tunnel interface is up', '2025-06-19 12:24:14.928049'), ('3672', '47', '10.12.72.0', '26', 'static', '213.166.34.1', 'tids', 'vlan interface with ip 213.166.34.6/29 is up', '2025-06-19 12:24:14.19633'), ('3670', '47', '10.12.70.0', '25', 'static', '213.166.34.1', 'tids', 'vlan interface with ip 213.166.34.6/29 is up', '2025-06-19 12:24:13.884076'), ('3673', '47', '10.12.73.0', '26', 'static', '213.166.34.1', 'tids', 'vlan interface with ip 213.166.34.6/29 is up', '2025-06-19 12:24:14.317675'), ('3668', '47', '10.12.68.0', '25', 'static', '213.166.34.1', 'tids', 'vlan interface with ip 213.166.34.6/29 is up', '2025-06-19 12:24:13.613365'), ('3669', '47', '10.12.69.0', '25', 'static', '213.166.34.1', 'tids', 'vlan interface with ip 213.166.34.6/29 is up', '2025-06-19 12:24:13.742316'), ('3674', '47', '10.101.0.0', '20', 'static', '', 'tids', 'tunnel interface is up', '2025-06-19 12:24:14.47723'), ('3665', '47', '10.12.65.0', '24', 'static', '213.166.34.1', 'tids', 'vlan interface with ip 213.166.34.6/29 is up', '2025-06-19 12:24:12.97242'), ('3666', '47', '10.12.66.0', '24', 'static', '213.166.34.1', 'tids', 'vlan interface with ip 213.166.34.6/29 is up', '2025-06-19 12:24:13.159223'), ('3663', '47', '10.10.10.0', '24', 'static', '88.207.201.208', 'tids', 'tunnel interface is up', '2025-06-19 12:24:12.715856'), ('3675', '47', '10.121.200.0', '24', 'static', '', 'tids', 'tunnel interface is up', '2025-06-19 12:24:14.63795'), ('3676', '47', '10.224.0.0', '20', 'static', '', 'tids', 'tunnel interface is up', '2025-06-19 12:24:14.772725'), ('3662', '47', '10.7.0.0', '20', 'static', '', 'tids', 'tunnel interface is up', '2025-06-19 12:24:12.521009'), ('3671', '47', '10.12.71.0', '25', 'static', '213.166.34.1', 'tids', 'vlan interface with ip 213.166.34.6/29 is up', '2025-06-19 12:24:14.027742'), ('3667', '47', '10.12.67.0', '24', 'static', '213.166.34.1', 'tids', 'vlan interface with ip 213.166.34.6/29 is up', '2025-06-19 12:24:13.30736'), ('3162', '35', '91.241.42.64', '29', 'FIB', 'n/a', 'Thales', 'tunnel interface is up', '2025-06-19 12:22:52.541421'), ('3137', '35', '10.30.129.0', '24', 'FIB', 'n/a', 'Thales', 'tunnel interface is up', '2025-06-19 12:22:46.788113'), ('2977', '35', '10.30.129.0', '24', 'static', '', 'Thales', 'tunnel interface is up', '2025-06-19 12:22:27.886338'), ('3002', '35', '91.241.42.64', '29', 'static', '', 'Thales', 'tunnel interface is up', '2025-06-19 12:22:30.755386'), ('451', '6', '100.68.167.207', '32', 'FIB', 'n/a', 't', 'vlan interface with ip 100.68.167.201/29 is up', '2025-06-19 12:15:39.87248'), ('450', '6', '100.68.167.201', '32', 'FIB', 'n/a', 't', 'vlan interface with ip 100.68.167.201/29 is up', '2025-06-19 12:15:39.713108'), ('448', '6', '100.68.167.199', '32', 'FIB', 'n/a', 't', 'vlan interface with ip 100.68.167.193/29 is up', '2025-06-19 12:15:39.488316'), ('447', '6', '100.68.167.193', '32', 'FIB', 'n/a', 't', 'vlan interface with ip 100.68.167.193/29 is up', '2025-06-19 12:15:39.325806'), ('446', '6', '100.68.167.192', '32', 'FIB', 'n/a', 't', 'vlan interface with ip 100.68.167.193/29 is up', '2025-06-19 12:15:39.190931'), ('51', '3', '100.68.143.200', '32', 'FIB', 'n/a', 't', 'vlan interface with ip 100.68.143.201/29 is up', '2025-06-19 12:14:41.697351'), ('206', '4', '107.183.126.249', '32', 'FIB', 'n/a', 't', 'vlan interface with ip 100.68.144.193/29 is up', '2025-06-19 12:15:06.910994'), ('205', '4', '107.183.126.248', '32', 'FIB', 'n/a', 't', 'vlan interface with ip 100.68.144.193/29 is up', '2025-06-19 12:15:06.823369'), ('50', '3', '100.68.143.199', '32', 'FIB', 'n/a', 't', 'vlan interface with ip 100.68.143.193/29 is up', '2025-06-19 12:14:41.597573'), ('204', '4', '107.183.126.228', '32', 'FIB', 'n/a', 't', 'vlan interface with ip 100.68.144.193/29 is up', '2025-06-19 12:15:06.732003'), ('203', '4', '107.183.126.227', '32', 'FIB', 'n/a', 't', 'vlan interface with ip 100.68.144.193/29 is up', '2025-06-19 12:15:06.520606'), ('202', '4', '107.183.126.226', '32', 'FIB', 'n/a', 't', 'vlan interface with ip 100.68.144.193/29 is up', '2025-06-19 12:15:06.274726'), ('201', '4', '107.183.126.225', '32', 'FIB', 'n/a', 't', 'vlan interface with ip 100.68.144.193/29 is up', '2025-06-19 12:15:05.753697'), ('49', '3', '100.68.143.193', '32', 'FIB', 'n/a', 't', 'vlan interface with ip 100.68.143.193/29 is up', '2025-06-19 12:14:41.529442'), ('200', '4', '107.183.126.224', '32', 'FIB', 'n/a', 't', 'vlan interface with ip 100.68.144.193/29 is up', '2025-06-19 12:15:05.495904'), ('199', '4', '107.183.126.32', '29', 'FIB', 'n/a', 't', 'vlan interface with ip 100.68.144.201/29 is up', '2025-06-19 12:15:05.293809'), ('197', '4', '107.183.126.0', '29', 'FIB', 'n/a', 't', 'vlan interface with ip 100.68.144.201/29 is up', '2025-06-19 12:15:04.945591'), ('48', '3', '100.68.143.192', '32', 'FIB', 'n/a', 't', 'vlan interface with ip 100.68.143.193/29 is up', '2025-06-19 12:14:41.478442'), ('94', '3', '213.166.32.186', '32', 'FIB', 'n/a', 't', 'vlan interface with ip 100.68.143.193/29 is up', '2025-06-19 12:14:45.574722'), ('192', '4', '100.68.144.200', '29', 'FIB', 'n/a', 't', 'vlan interface with ip 100.68.144.201/29 is up', '2025-06-19 12:15:00.523044'), ('191', '4', '100.68.144.192', '29', 'FIB', 'n/a', 't', 'vlan interface with ip 100.68.144.193/29 is up', '2025-06-19 12:15:00.356339'), ('91', '3', '100.68.143.200', '29', 'FIB', 'n/a', 't', 'vlan interface with ip 100.68.143.201/29 is up', '2025-06-19 12:14:45.153212'), ('90', '3', '100.68.143.192', '29', 'FIB', 'n/a', 't', 'vlan interface with ip 100.68.143.193/29 is up', '2025-06-19 12:14:45.055456'), ('708', '7', '100.68.151.192', '29', 'FIB', 'n/a', 't', 'vlan interface with ip 100.68.151.193/29 is up', '2025-06-19 12:16:17.678137'), ('709', '7', '100.68.151.200', '29', 'FIB', 'n/a', 't', 'vlan interface with ip 100.68.151.201/29 is up', '2025-06-19 12:16:17.838428'), ('711', '7', '194.154.197.204', '32', 'FIB', 'n/a', 't', 'vlan interface with ip 100.68.151.193/29 is up', '2025-06-19 12:16:18.106506'), ('710', '7', '194.154.197.194', '32', 'FIB', 'n/a', 't', 'vlan interface with ip 100.68.151.193/29 is up', '2025-06-19 12:16:17.999582'), ('700', '7', '100.68.151.199', '32', 'FIB', 'n/a', 't', 'vlan interface with ip 100.68.151.193/29 is up', '2025-06-19 12:16:16.340525'), ('157', '4', '100.68.144.207', '32', 'FIB', 'n/a', 't', 'vlan interface with ip 100.68.144.201/29 is up', '2025-06-19 12:14:55.166417'), ('701', '7', '100.68.151.200', '32', 'FIB', 'n/a', 't', 'vlan interface with ip 100.68.151.201/29 is up', '2025-06-19 12:16:16.443838'), ('156', '4', '100.68.144.201', '32', 'FIB', 'n/a', 't', 'vlan interface with ip 100.68.144.201/29 is up', '2025-06-19 12:14:55.017075'), ('155', '4', '100.68.144.200', '32', 'FIB', 'n/a', 't', 'vlan interface with ip 100.68.144.201/29 is up', '2025-06-19 12:14:54.879848'), ('154', '4', '100.68.144.199', '32', 'FIB', 'n/a', 't', 'vlan interface with ip 100.68.144.193/29 is up', '2025-06-19 12:14:54.778824'), ('702', '7', '100.68.151.201', '32', 'FIB', 'n/a', 't', 'vlan interface with ip 100.68.151.201/29 is up', '2025-06-19 12:16:16.57647'), ('153', '4', '100.68.144.193', '32', 'FIB', 'n/a', 't', 'vlan interface with ip 100.68.144.193/29 is up', '2025-06-19 12:14:54.63297'), ('699', '7', '100.68.151.193', '32', 'FIB', 'n/a', 't', 'vlan interface with ip 100.68.151.193/29 is up', '2025-06-19 12:16:16.268207'), ('152', '4', '100.68.144.192', '32', 'FIB', 'n/a', 't', 'vlan interface with ip 100.68.144.193/29 is up', '2025-06-19 12:14:54.452276'), ('449', '6', '100.68.167.200', '32', 'FIB', 'n/a', 't', 'vlan interface with ip 100.68.167.201/29 is up', '2025-06-19 12:15:39.581409'), ('698', '7', '100.68.151.192', '32', 'FIB', 'n/a', 't', 'vlan interface with ip 100.68.151.193/29 is up', '2025-06-19 12:16:16.110359'), ('703', '7', '100.68.151.207', '32', 'FIB', 'n/a', 't', 'vlan interface with ip 100.68.151.201/29 is up', '2025-06-19 12:16:16.658254'), ('2499', '26', '172.29.224.0', '26', 'connected', 'n/a', 'syslog', 'vlan interface with ip 172.29.224.1/26 is up', '2025-06-19 12:21:16.447838'), ('2516', '26', '172.29.224.63', '32', 'FIB', 'n/a', 'syslog', 'vlan interface with ip 172.29.224.1/26 is up', '2025-06-19 12:21:18.003647'), ('2514', '26', '172.29.224.0', '32', 'FIB', 'n/a', 'syslog', 'vlan interface with ip 172.29.224.1/26 is up', '2025-06-19 12:21:17.903586'), ('2515', '26', '172.29.224.1', '32', 'FIB', 'n/a', 'syslog', 'vlan interface with ip 172.29.224.1/26 is up', '2025-06-19 12:21:17.943905'), ('2532', '26', '172.29.224.0', '26', 'FIB', 'n/a', 'syslog', 'vlan interface with ip 172.29.224.1/26 is up', '2025-06-19 12:21:20.413192'), ('3239', '35', '195.242.174.17', '32', 'FIB', 'n/a', 'Starhome', 'tunnel interface is up', '2025-06-19 12:23:03.889777'), ('3079', '35', '195.242.174.17', '32', 'static', '', 'Starhome', 'tunnel interface is up', '2025-06-19 12:22:38.855744'), ('3490', '41', '10.0.0.4', '30', 'FIB', 'n/a', 'ssl', 'tunnel interface is up', '2025-06-19 12:23:46.163614'), ('4008', '57', '172.18.0.0', '25', 'FIB', 'n/a', 'ssl', 'tunnel interface is up', '2025-06-19 12:25:05.388803'), ('4009', '57', '172.18.0.16', '28', 'FIB', 'n/a', 'ssl', 'tunnel interface is up', '2025-06-19 12:25:05.671868'), ('2787', '29', '10.0.0.1', '32', 'FIB', 'n/a', 'ssl', 'tunnel interface is up', '2025-06-19 12:21:56.649642'), ('3489', '41', '10.0.0.2', '31', 'FIB', 'n/a', 'ssl', 'tunnel interface is up', '2025-06-19 12:23:46.017247'), ('3491', '41', '10.0.0.8', '31', 'FIB', 'n/a', 'ssl', 'tunnel interface is up', '2025-06-19 12:23:46.273338'), ('4007', '57', '172.18.0.0', '28', 'FIB', 'n/a', 'ssl', 'tunnel interface is up', '2025-06-19 12:25:01.690134'), ('3835', '53', '10.121.7.254', '32', 'FIB', 'n/a', 'ssl', 'tunnel interface is up', '2025-06-19 12:24:37.949209'), ('3823', '53', '10.121.7.2', '31', 'FIB', 'n/a', 'ssl', 'tunnel interface is up', '2025-06-19 12:24:36.385005'), ('3832', '53', '10.121.7.240', '29', 'FIB', 'n/a', 'ssl', 'tunnel interface is up', '2025-06-19 12:24:37.63629'), ('3833', '53', '10.121.7.248', '30', 'FIB', 'n/a', 'ssl', 'tunnel interface is up', '2025-06-19 12:24:37.718676'), ('4010', '57', '172.18.0.32', '28', 'FIB', 'n/a', 'ssl', 'tunnel interface is up', '2025-06-19 12:25:06.085113'), ('4048', '58', '192.168.4.0', '24', 'FIB', 'n/a', 'ssl', 'tunnel interface is up', '2025-06-19 12:25:11.554431'), ('2798', '29', '10.0.0.24', '30', 'FIB', 'n/a', 'ssl', 'tunnel interface is up', '2025-06-19 12:21:58.200899'), ('4049', '58', '192.168.5.0', '24', 'FIB', 'n/a', 'ssl', 'tunnel interface is up', '2025-06-19 12:25:11.630307'), ('4084', '60', '10.255.255.1', '32', 'FIB', 'n/a', 'ssl', 'tunnel interface is up', '2025-06-19 12:25:16.476767'), ('4044', '58', '192.168.0.0', '24', 'FIB', 'n/a', 'ssl', 'tunnel interface is up', '2025-06-19 12:25:11.118601'), ('4011', '57', '172.18.0.64', '28', 'FIB', 'n/a', 'ssl', 'tunnel interface is up', '2025-06-19 12:25:06.2345'), ('4046', '58', '192.168.1.0', '24', 'FIB', 'n/a', 'ssl', 'tunnel interface is up', '2025-06-19 12:25:11.35907'), ('3828', '53', '10.121.7.64', '26', 'FIB', 'n/a', 'ssl', 'tunnel interface is up', '2025-06-19 12:24:37.052747'), ('3829', '53', '10.121.7.128', '26', 'FIB', 'n/a', 'ssl', 'tunnel interface is up', '2025-06-19 12:24:37.111266'), ('4047', '58', '192.168.3.0', '24', 'FIB', 'n/a', 'ssl', 'tunnel interface is up', '2025-06-19 12:25:11.47264'), ('3827', '53', '10.121.7.32', '27', 'FIB', 'n/a', 'ssl', 'tunnel interface is up', '2025-06-19 12:24:36.93813'), ('4083', '60', '10.255.255.0', '24', 'FIB', 'n/a', 'ssl', 'tunnel interface is up', '2025-06-19 12:25:16.343255'), ('2400', '23', '192.168.0.240', '29', 'FIB', 'n/a', 'ssl', 'tunnel interface is up', '2025-06-19 12:20:53.136369'), ('2399', '23', '192.168.0.224', '28', 'FIB', 'n/a', 'ssl', 'tunnel interface is up', '2025-06-19 12:20:52.886928'), ('4012', '57', '172.18.0.96', '28', 'FIB', 'n/a', 'ssl', 'tunnel interface is up', '2025-06-19 12:25:06.332502'), ('2404', '23', '192.168.1.0', '24', 'FIB', 'n/a', 'ssl', 'tunnel interface is up', '2025-06-19 12:20:54.567043'), ('2403', '23', '192.168.0.254', '32', 'FIB', 'n/a', 'ssl', 'tunnel interface is up', '2025-06-19 12:20:54.250429'), ('2401', '23', '192.168.0.248', '30', 'FIB', 'n/a', 'ssl', 'tunnel interface is up', '2025-06-19 12:20:53.434636'), ('2397', '23', '192.168.0.128', '26', 'FIB', 'n/a', 'ssl', 'tunnel interface is up', '2025-06-19 12:20:52.222838'), ('2398', '23', '192.168.0.192', '27', 'FIB', 'n/a', 'ssl', 'tunnel interface is up', '2025-06-19 12:20:52.499453'), ('2402', '23', '192.168.0.252', '31', 'FIB', 'n/a', 'ssl', 'tunnel interface is up', '2025-06-19 12:20:53.864899'), ('2394', '23', '192.168.0.16', '28', 'FIB', 'n/a', 'ssl', 'tunnel interface is up', '2025-06-19 12:20:51.756014'), ('2391', '23', '192.168.0.2', '31', 'FIB', 'n/a', 'ssl', 'tunnel interface is up', '2025-06-19 12:20:51.360841'), ('2395', '23', '192.168.0.32', '27', 'FIB', 'n/a', 'ssl', 'tunnel interface is up', '2025-06-19 12:20:51.867424'), ('2387', '23', '172.30.217.48', '31', 'FIB', 'n/a', 'ssl', 'tunnel interface is up', '2025-06-19 12:20:50.706242'), ('2388', '23', '172.30.217.50', '32', 'FIB', 'n/a', 'ssl', 'tunnel interface is up', '2025-06-19 12:20:50.885215'), ('2396', '23', '192.168.0.64', '26', 'FIB', 'n/a', 'ssl', 'tunnel interface is up', '2025-06-19 12:20:51.986048'), ('3824', '53', '10.121.7.4', '30', 'FIB', 'n/a', 'ssl', 'tunnel interface is up', '2025-06-19 12:24:36.458167'), ('2381', '23', '172.30.217.1', '32', 'FIB', 'n/a', 'ssl', 'tunnel interface is up', '2025-06-19 12:20:49.579179'), ('2797', '29', '10.0.0.22', '31', 'FIB', 'n/a', 'ssl', 'tunnel interface is up', '2025-06-19 12:21:57.822717'), ('3818', '53', '10.0.0.0', '24', 'FIB', 'n/a', 'ssl', 'tunnel interface is up', '2025-06-19 12:24:36.004661'), ('3782', '52', '10.150.150.0', '24', 'FIB', 'n/a', 'ssl', 'tunnel interface is up', '2025-06-19 12:24:28.305644'), ('3783', '52', '10.150.150.160', '28', 'FIB', 'n/a', 'ssl', 'tunnel interface is up', '2025-06-19 12:24:28.417575'), ('2382', '23', '172.30.217.2', '31', 'FIB', 'n/a', 'ssl', 'tunnel interface is up', '2025-06-19 12:20:49.714257'), ('4085', '60', '10.255.255.2', '31', 'FIB', 'n/a', 'ssl', 'tunnel interface is up', '2025-06-19 12:25:16.637734'), ('3826', '53', '10.121.7.16', '28', 'FIB', 'n/a', 'ssl', 'tunnel interface is up', '2025-06-19 12:24:36.68268'), ('3344', '38', '10.212.134.0', '24', 'FIB', 'n/a', 'ssl', 'tunnel interface is up', '2025-06-19 12:23:26.915552'), ('3702', '47', '10.212.134.210', '32', 'FIB', 'n/a', 'ssl', 'tunnel interface is up', '2025-06-19 12:24:17.905524'), ('3346', '38', '10.212.134.208', '31', 'FIB', 'n/a', 'ssl', 'tunnel interface is up', '2025-06-19 12:23:27.24081'), ('3700', '47', '10.212.134.200', '29', 'FIB', 'n/a', 'ssl', 'tunnel interface is up', '2025-06-19 12:24:17.77427'), ('3701', '47', '10.212.134.208', '31', 'FIB', 'n/a', 'ssl', 'tunnel interface is up', '2025-06-19 12:24:17.839474'), ('2788', '29', '10.0.0.2', '31', 'FIB', 'n/a', 'ssl', 'tunnel interface is up', '2025-06-19 12:21:56.729005'), ('3487', '41', '10.0.0.0', '24', 'FIB', 'n/a', 'ssl', 'tunnel interface is up', '2025-06-19 12:23:45.569427'), ('4013', '57', '172.18.0.112', '28', 'FIB', 'n/a', 'ssl', 'tunnel interface is up', '2025-06-19 12:25:06.428777'), ('3822', '53', '10.121.7.1', '32', 'FIB', 'n/a', 'ssl', 'tunnel interface is up', '2025-06-19 12:24:36.300412'), ('2383', '23', '172.30.217.4', '30', 'FIB', 'n/a', 'ssl', 'tunnel interface is up', '2025-06-19 12:20:49.801376'), ('2339', '22', '192.168.90.0', '24', 'FIB', 'n/a', 'ssl', 'tunnel interface is up', '2025-06-19 12:20:40.357376'), ('2380', '23', '172.30.217.0', '24', 'FIB', 'n/a', 'ssl', 'tunnel interface is up', '2025-06-19 12:20:49.426068'), ('4086', '60', '10.255.255.4', '30', 'FIB', 'n/a', 'ssl', 'tunnel interface is up', '2025-06-19 12:25:16.72647'), ('3488', '41', '10.0.0.1', '32', 'FIB', 'n/a', 'ssl', 'tunnel interface is up', '2025-06-19 12:23:45.794491'), ('4152', '62', '10.0.0.20', '32', 'FIB', 'n/a', 'ssl', 'tunnel interface is up', '2025-06-19 12:25:26.199104'), ('4153', '62', '10.0.0.30', '32', 'FIB', 'n/a', 'ssl', 'tunnel interface is up', '2025-06-19 12:25:26.31664'), ('4154', '62', '10.0.0.40', '32', 'FIB', 'n/a', 'ssl', 'tunnel interface is up', '2025-06-19 12:25:26.535051'), ('3831', '53', '10.121.7.224', '28', 'FIB', 'n/a', 'ssl', 'tunnel interface is up', '2025-06-19 12:24:37.528331'), ('3830', '53', '10.121.7.192', '27', 'FIB', 'n/a', 'ssl', 'tunnel interface is up', '2025-06-19 12:24:37.284868'), ('4155', '62', '10.0.0.50', '32', 'FIB', 'n/a', 'ssl', 'tunnel interface is up', '2025-06-19 12:25:26.692096'), ('3834', '53', '10.121.7.252', '31', 'FIB', 'n/a', 'ssl', 'tunnel interface is up', '2025-06-19 12:24:37.835494'), ('4156', '62', '10.0.10.0', '24', 'FIB', 'n/a', 'ssl', 'tunnel interface is up', '2025-06-19 12:25:26.896074'), ('3565', '43', '192.168.255.4', '30', 'FIB', 'n/a', 'ssl', 'tunnel interface is up', '2025-06-19 12:23:59.7525'), ('3564', '43', '192.168.255.2', '31', 'FIB', 'n/a', 'ssl', 'tunnel interface is up', '2025-06-19 12:23:59.566206'), ('3566', '43', '192.168.255.8', '31', 'FIB', 'n/a', 'ssl', 'tunnel interface is up', '2025-06-19 12:24:00.16811'), ('3562', '43', '192.168.255.0', '24', 'FIB', 'n/a', 'ssl', 'tunnel interface is up', '2025-06-19 12:23:59.332961'), ('3563', '43', '192.168.255.1', '32', 'FIB', 'n/a', 'ssl', 'tunnel interface is up', '2025-06-19 12:23:59.448558'), ('3567', '43', '192.168.255.10', '32', 'FIB', 'n/a', 'ssl', 'tunnel interface is up', '2025-06-19 12:24:00.387628'), ('2786', '29', '10.0.0.0', '24', 'FIB', 'n/a', 'ssl', 'tunnel interface is up', '2025-06-19 12:21:56.551641'), ('2796', '29', '10.0.0.21', '32', 'FIB', 'n/a', 'ssl', 'tunnel interface is up', '2025-06-19 12:21:57.616925'), ('2799', '29', '10.0.0.28', '31', 'FIB', 'n/a', 'ssl', 'tunnel interface is up', '2025-06-19 12:21:58.480078'), ('2800', '29', '10.0.0.30', '32', 'FIB', 'n/a', 'ssl', 'tunnel interface is up', '2025-06-19 12:21:58.598803'), ('2795', '29', '10.0.0.20', '32', 'FIB', 'n/a', 'ssl', 'tunnel interface is up', '2025-06-19 12:21:57.451325'), ('2793', '29', '10.0.0.12', '30', 'FIB', 'n/a', 'ssl', 'tunnel interface is up', '2025-06-19 12:21:57.290123'), ('2794', '29', '10.0.0.16', '30', 'FIB', 'n/a', 'ssl', 'tunnel interface is up', '2025-06-19 12:21:57.358266'), ('3492', '41', '10.0.0.10', '32', 'FIB', 'n/a', 'ssl', 'tunnel interface is up', '2025-06-19 12:23:46.384268'), ('2392', '23', '192.168.0.4', '30', 'FIB', 'n/a', 'ssl', 'tunnel interface is up', '2025-06-19 12:20:51.519666'), ('2390', '23', '192.168.0.1', '32', 'FIB', 'n/a', 'ssl', 'tunnel interface is up', '2025-06-19 12:20:51.105893'), ('2389', '23', '192.168.0.0', '24', 'FIB', 'n/a', 'ssl', 'tunnel interface is up', '2025-06-19 12:20:50.984467'), ('2384', '23', '172.30.217.8', '29', 'FIB', 'n/a', 'ssl', 'tunnel interface is up', '2025-06-19 12:20:50.076266'), ('4087', '60', '10.255.255.8', '31', 'FIB', 'n/a', 'ssl', 'tunnel interface is up', '2025-06-19 12:25:16.823394'), ('3825', '53', '10.121.7.8', '29', 'FIB', 'n/a', 'ssl', 'tunnel interface is up', '2025-06-19 12:24:36.516177'), ('3345', '38', '10.212.134.200', '29', 'FIB', 'n/a', 'ssl', 'tunnel interface is up', '2025-06-19 12:23:27.0918'), ('3347', '38', '10.212.134.210', '32', 'FIB', 'n/a', 'ssl', 'tunnel interface is up', '2025-06-19 12:23:27.367122'), ('2789', '29', '10.0.0.4', '30', 'FIB', 'n/a', 'ssl', 'tunnel interface is up', '2025-06-19 12:21:56.941774'), ('4088', '60', '10.255.255.10', '32', 'FIB', 'n/a', 'ssl', 'tunnel interface is up', '2025-06-19 12:25:16.932326'), ('2790', '29', '10.0.0.8', '31', 'FIB', 'n/a', 'ssl', 'tunnel interface is up', '2025-06-19 12:21:57.074821'), ('2791', '29', '10.0.0.10', '32', 'FIB', 'n/a', 'ssl', 'tunnel interface is up', '2025-06-19 12:21:57.126552'), ('2792', '29', '10.0.0.11', '32', 'FIB', 'n/a', 'ssl', 'tunnel interface is up', '2025-06-19 12:21:57.212712'), ('2393', '23', '192.168.0.8', '29', 'FIB', 'n/a', 'ssl', 'tunnel interface is up', '2025-06-19 12:20:51.661336'), ('2386', '23', '172.30.217.32', '28', 'FIB', 'n/a', 'ssl', 'tunnel interface is up', '2025-06-19 12:20:50.578933'), ('2385', '23', '172.30.217.16', '28', 'FIB', 'n/a', 'ssl', 'tunnel interface is up', '2025-06-19 12:20:50.504158'), ('3972', '57', '172.18.0.0', '25', 'static', '', 'ssl', 'tunnel interface is up', '2025-06-19 12:24:57.489041'), ('4066', '60', '10.255.255.0', '24', 'static', '', 'ssl', 'tunnel interface is up', '2025-06-19 12:25:13.452296'), ('2747', '29', '10.0.0.0', '24', 'static', '', 'ssl', 'tunnel interface is up', '2025-06-19 12:21:52.415158'), ('4031', '58', '192.168.0.0', '24', 'static', '', 'ssl', 'tunnel interface is up', '2025-06-19 12:25:09.413863'), ('2357', '23', '192.168.1.0', '24', 'static', '', 'ssl', 'tunnel interface is up', '2025-06-19 12:20:42.809579'), ('2355', '23', '172.30.217.0', '24', 'static', '', 'ssl', 'tunnel interface is up', '2025-06-19 12:20:42.436824'), ('4032', '58', '192.168.1.0', '24', 'static', '', 'ssl', 'tunnel interface is up', '2025-06-19 12:25:09.607319'), ('2328', '22', '192.168.90.0', '24', 'static', '', 'ssl', 'tunnel interface is up', '2025-06-19 12:20:39.179171'), ('4033', '58', '192.168.4.0', '24', 'static', '', 'ssl', 'tunnel interface is up', '2025-06-19 12:25:09.833833'), ('3765', '52', '10.150.150.0', '24', 'static', '', 'ssl', 'tunnel interface is up', '2025-06-19 12:24:26.19944'), ('3789', '53', '10.0.0.0', '24', 'static', '', 'ssl', 'tunnel interface is up', '2025-06-19 12:24:32.423984'), ('3471', '41', '10.0.0.0', '24', 'static', '', 'ssl', 'tunnel interface is up', '2025-06-19 12:23:42.997761'), ('4034', '58', '192.168.5.0', '24', 'static', '', 'ssl', 'tunnel interface is up', '2025-06-19 12:25:10.005822'), ('2356', '23', '192.168.0.0', '24', 'static', '', 'ssl', 'tunnel interface is up', '2025-06-19 12:20:42.675473'), ('4151', '62', '10.0.10.0', '24', 'static', '', 'ssl', 'tunnel interface is up', '2025-06-19 12:25:26.027858'), ('3534', '43', '192.168.255.0', '24', 'static', '', 'ssl', 'tunnel interface is up', '2025-06-19 12:23:52.443043'), ('3322', '38', '10.212.134.0', '24', 'static', '', 'ssl', 'tunnel interface is up', '2025-06-19 12:23:19.905496'), ('3651', '46', '172.27.136.0', '24', 'FIB', 'n/a', 'SplunkSOC', 'tunnel interface is up', '2025-06-19 12:24:10.060699'), ('3652', '46', '172.29.224.0', '24', 'FIB', 'n/a', 'SplunkSOC', 'tunnel interface is up', '2025-06-19 12:24:10.200651'), ('3615', '46', '172.27.136.0', '24', 'static', '', 'SplunkSOC', 'tunnel interface is up', '2025-06-19 12:24:06.157131'), ('3616', '46', '172.29.224.0', '24', 'static', '', 'SplunkSOC', 'tunnel interface is up', '2025-06-19 12:24:06.226342'), ('3624', '46', '213.166.34.0', '29', 'connected', 'n/a', 'splunk', 'vlan interface with ip 213.166.34.6/29 is up', '2025-06-19 12:24:07.110404'), ('3660', '46', '213.166.34.0', '29', 'FIB', 'n/a', 'splunk', 'vlan interface with ip 213.166.34.6/29 is up', '2025-06-19 12:24:12.069345'), ('3633', '46', '213.166.34.6', '32', 'FIB', 'n/a', 'splunk', 'vlan interface with ip 213.166.34.6/29 is up', '2025-06-19 12:24:08.037788'), ('3632', '46', '213.166.34.0', '32', 'FIB', 'n/a', 'splunk', 'vlan interface with ip 213.166.34.6/29 is up', '2025-06-19 12:24:07.973311'), ('3634', '46', '213.166.34.7', '32', 'FIB', 'n/a', 'splunk', 'vlan interface with ip 213.166.34.6/29 is up', '2025-06-19 12:24:08.097944'), ('3637', '46', '10.12.32.0', '19', 'FIB', 'n/a', 'splunk', 'vlan interface with ip 213.166.34.6/29 is up', '2025-06-19 12:24:08.328546'), ('3601', '46', '10.12.32.0', '19', 'static', '213.166.34.1', 'splunk', 'vlan interface with ip 213.166.34.6/29 is up', '2025-06-19 12:24:04.632702'), ('4779', '87', '213.166.34.32', '29', 'connected', 'n/a', 'sono', 'vlan interface with ip 213.166.34.38/29 is up', '2025-06-19 12:27:15.381466'), ('4784', '87', '213.166.34.38', '32', 'FIB', 'n/a', 'sono', 'vlan interface with ip 213.166.34.38/29 is up', '2025-06-19 12:27:19.711342'), ('4785', '87', '213.166.34.39', '32', 'FIB', 'n/a', 'sono', 'vlan interface with ip 213.166.34.38/29 is up', '2025-06-19 12:27:19.801124'), ('4786', '87', '10.0.0.0', '8', 'FIB', 'n/a', 'sono', 'vlan interface with ip 213.166.34.38/29 is up', '2025-06-19 12:27:19.923345'), ('4783', '87', '213.166.34.32', '32', 'FIB', 'n/a', 'sono', 'vlan interface with ip 213.166.34.38/29 is up', '2025-06-19 12:27:19.553453'), ('4788', '87', '213.166.34.32', '29', 'FIB', 'n/a', 'sono', 'vlan interface with ip 213.166.34.38/29 is up', '2025-06-19 12:27:20.249935'), ('4777', '87', '10.0.0.0', '8', 'static', '213.166.34.33', 'sono', 'vlan interface with ip 213.166.34.38/29 is up', '2025-06-19 12:27:15.029995'), ('4699', '82', '213.166.34.32', '29', 'connected', 'n/a', 'sodex', 'vlan interface with ip 213.166.34.38/29 is up', '2025-06-19 12:27:03.809031'), ('4705', '82', '213.166.34.39', '32', 'FIB', 'n/a', 'sodex', 'vlan interface with ip 213.166.34.38/29 is up', '2025-06-19 12:27:04.475091'), ('4706', '82', '10.64.0.0', '16', 'FIB', 'n/a', 'sodex', 'vlan interface with ip 213.166.34.38/29 is up', '2025-06-19 12:27:04.611974'), ('4708', '82', '213.166.34.32', '29', 'FIB', 'n/a', 'sodex', 'vlan interface with ip 213.166.34.38/29 is up', '2025-06-19 12:27:04.823938'), ('4703', '82', '213.166.34.32', '32', 'FIB', 'n/a', 'sodex', 'vlan interface with ip 213.166.34.38/29 is up', '2025-06-19 12:27:04.343993'), ('4704', '82', '213.166.34.38', '32', 'FIB', 'n/a', 'sodex', 'vlan interface with ip 213.166.34.38/29 is up', '2025-06-19 12:27:04.378606'), ('4697', '82', '10.64.0.0', '16', 'static', '213.166.34.33', 'sodex', 'vlan interface with ip 213.166.34.38/29 is up', '2025-06-19 12:27:03.578959'), ('4115', '61', '213.166.34.0', '29', 'connected', 'n/a', 'sigi', 'vlan interface with ip 213.166.34.6/29 is up', '2025-06-19 12:25:21.644715'), ('4108', '61', '172.16.2.104', '29', 'connected', 'n/a', 'sigi', 'vlan interface with ip 172.16.2.109/29 is up', '2025-06-19 12:25:20.260437'), ('4107', '61', '172.16.2.96', '29', 'connected', 'n/a', 'sigi', 'vlan interface with ip 172.16.2.101/29 is up', '2025-06-19 12:25:20.136566'), ('4130', '61', '10.40.32.40', '32', 'FIB', 'n/a', 'sigi', 'vlan interface with ip 213.166.34.6/29 is up', '2025-06-19 12:25:23.707862'), ('4133', '61', '10.43.0.0', '16', 'FIB', 'n/a', 'sigi', 'vlan interface with ip 172.16.2.101/29 is up', '2025-06-19 12:25:24.156204'), ('4138', '61', '10.192.3.0', '24', 'FIB', 'n/a', 'sigi', 'vlan interface with ip 172.16.2.109/29 is up', '2025-06-19 12:25:24.687902'), ('4139', '61', '10.192.4.0', '22', 'FIB', 'n/a', 'sigi', 'vlan interface with ip 172.16.2.109/29 is up', '2025-06-19 12:25:24.809051'), ('4142', '61', '172.16.2.96', '29', 'FIB', 'n/a', 'sigi', 'vlan interface with ip 172.16.2.101/29 is up', '2025-06-19 12:25:25.070028'), ('4145', '61', '172.16.128.0', '22', 'FIB', 'n/a', 'sigi', 'vlan interface with ip 213.166.34.6/29 is up', '2025-06-19 12:25:25.491562'), ('4143', '61', '172.16.2.104', '29', 'FIB', 'n/a', 'sigi', 'vlan interface with ip 172.16.2.109/29 is up', '2025-06-19 12:25:25.277661'), ('4144', '61', '172.16.15.0', '24', 'FIB', 'n/a', 'sigi', 'vlan interface with ip 172.16.2.109/29 is up', '2025-06-19 12:25:25.372897'), ('4128', '61', '10.7.0.0', '16', 'FIB', 'n/a', 'sigi', 'vlan interface with ip 172.16.2.109/29 is up', '2025-06-19 12:25:23.354586'), ('4146', '61', '172.16.160.0', '22', 'FIB', 'n/a', 'sigi', 'vlan interface with ip 172.16.2.109/29 is up', '2025-06-19 12:25:25.5723'), ('4131', '61', '10.41.0.0', '16', 'FIB', 'n/a', 'sigi', 'vlan interface with ip 172.16.2.101/29 is up', '2025-06-19 12:25:23.844152'), ('4129', '61', '10.32.0.0', '13', 'FIB', 'n/a', 'sigi', 'vlan interface with ip 213.166.34.6/29 is up', '2025-06-19 12:25:23.503019'), ('4150', '61', '213.166.34.0', '29', 'FIB', 'n/a', 'sigi', 'vlan interface with ip 213.166.34.6/29 is up', '2025-06-19 12:25:25.898602'), ('4132', '61', '10.42.0.0', '28', 'FIB', 'n/a', 'sigi', 'vlan interface with ip 172.16.2.101/29 is up', '2025-06-19 12:25:23.959333'), ('4149', '61', '192.168.0.0', '16', 'FIB', 'n/a', 'sigi', 'vlan interface with ip 172.16.2.109/29 is up', '2025-06-19 12:25:25.80236'), ('4126', '61', '213.166.34.6', '32', 'FIB', 'n/a', 'sigi', 'vlan interface with ip 213.166.34.6/29 is up', '2025-06-19 12:25:23.089991'), ('4137', '61', '10.192.2.0', '25', 'FIB', 'n/a', 'sigi', 'vlan interface with ip 172.16.2.109/29 is up', '2025-06-19 12:25:24.540281'), ('4127', '61', '213.166.34.7', '32', 'FIB', 'n/a', 'sigi', 'vlan interface with ip 213.166.34.6/29 is up', '2025-06-19 12:25:23.187899'), ('4119', '61', '172.16.2.96', '32', 'FIB', 'n/a', 'sigi', 'vlan interface with ip 172.16.2.101/29 is up', '2025-06-19 12:25:22.152878'), ('4136', '61', '10.192.0.0', '25', 'FIB', 'n/a', 'sigi', 'vlan interface with ip 172.16.2.109/29 is up', '2025-06-19 12:25:24.465885');
-- 5. vips (depends on vdoms)
create table public.vips (
  vip_id serial not null,
  vdom_id integer not null,
  external_ip text not null,
  external_port integer null,
  mapped_ip text not null,
  mapped_port integer null,
  vip_type text null,
  external_interface text null,
  mask integer null,
  last_updated timestamp without time zone null default CURRENT_TIMESTAMP,
  constraint vips_pkey primary key (vip_id),
  constraint vips_vdom_id_fkey foreign KEY (vdom_id) references vdoms (vdom_id) on delete CASCADE
) TABLESPACE pg_default;

create index IF not exists idx_vips_vdom_id on public.vips using btree (vdom_id) TABLESPACE pg_default;

-- Sample VIP data
INSERT INTO "public"."vips" ("vip_id", "vdom_id", "external_ip", "external_port", "mapped_ip", "mapped_port", "vip_type", "external_interface", "last_updated", "mask") VALUES ('426', '13', '195.46.231.117', null, '172.27.5.12', null, 'vip interface', 'FE2.public', '2025-06-19 15:24:50.455976', null), ('427', '13', '195.46.235.61', null, '172.27.5.13', null, 'vip interface', 'FE3.public', '2025-06-19 15:24:50.455976', null), ('428', '13', '195.46.235.62', '21', '172.27.5.20', null, 'vip interface', 'HDM-ftp-pub', '2025-06-19 15:24:50.455976', null), ('429', '13', '195.46.235.60', null, '172.30.10.23', null, 'vip interface', 'Bras-aps', '2025-06-19 15:24:50.455976', null), ('430', '13', '195.46.235.62', '10443', '172.27.5.20', null, 'vip interface', 'HDM-https-pub', '2025-06-19 15:24:50.455976', null), ('431', '13', '195.46.235.64', null, '172.27.11.130', null, 'vip interface', 'vip_DSR-EAP1', '2025-06-19 15:24:50.455976', null), ('432', '13', '195.46.235.65', null, '172.27.11.131', null, 'vip interface', 'vip_DSR-EAP2', '2025-06-19 15:24:50.455976', null), ('433', '13', '195.46.235.62', '10080', '172.27.5.20', null, 'vip interface', 'HDM-http-pub', '2025-06-19 15:24:50.455976', null), ('434', '13', '195.46.235.66', '80', '172.27.11.24', null, 'vip interface', 'vip_VOLMON', '2025-06-19 15:24:50.455976', null), ('435', '13', '78.141.179.40', null, '172.27.11.228', null, 'vip interface', 'radius1.pt.lu DIALUP', '2025-06-19 15:24:50.455976', null), ('436', '13', '78.141.179.41', null, '172.27.11.229', null, 'vip interface', 'radius2.pt.lu DIALUP', '2025-06-19 15:24:50.455976', null), ('437', '13', '78.141.179.41', null, '172.27.11.203', null, 'vip interface', 'radius2.pt.lu WIFIOFFLOAD', '2025-06-19 15:24:50.455976', null), ('438', '13', '78.141.179.40', null, '172.27.11.228', null, 'vip interface', 'radius1.pt.lu HOTSPOT', '2025-06-19 15:24:50.455976', null), ('439', '13', '78.141.179.40', null, '172.27.11.200', null, 'vip interface', 'radius1.pt.lu WIFIOFFLOAD', '2025-06-19 15:24:50.455976', null), ('440', '13', '78.141.179.46', '443', '172.27.23.207', null, 'vip interface', 'VIP_ALLADIN-Control-Server', '2025-06-19 15:24:50.455976', null), ('441', '13', '78.141.179.45', null, '172.27.23.199', null, 'vip interface', 'VIP-ACCS-Externe', '2025-06-19 15:24:50.455976', null), ('442', '13', '78.141.179.41', null, '172.27.11.228', null, 'vip interface', 'radius2.pt.lu HOTSPOT', '2025-06-19 15:24:50.455976', null), ('443', '13', '78.141.179.37', '21', '172.27.5.20', null, 'vip interface', 'HDM.rmanage.pt.lu', '2025-06-19 15:24:50.455976', null), ('444', '13', '78.141.179.43', '443', '192.168.104.3', null, 'vip interface', 'vip_vas-prod_tcp443', '2025-06-19 15:24:50.455976', null), ('445', '13', '78.141.179.44', '443', '192.168.104.67', null, 'vip interface', 'vip_vas-test', '2025-06-19 15:24:50.455976', null), ('446', '13', '78.141.179.43', '80', '192.168.104.3', null, 'vip interface', 'vip_vas-prod_tcp80', '2025-06-19 15:24:50.455976', null), ('447', '13', '78.141.179.43', '8443', '192.168.104.3', null, 'vip interface', 'vip_vas-prod_tcp8443', '2025-06-19 15:24:50.455976', null), ('448', '13', '78.141.179.35', '443', '192.168.104.66', null, 'vip interface', 'vip-vas-gui-test', '2025-06-19 15:24:50.455976', null), ('449', '13', '78.141.179.36', '443', '192.168.104.2', null, 'vip interface', 'vip-vas-gui-prod', '2025-06-19 15:24:50.455976', null), ('450', '13', '78.141.179.36', '25', '192.168.104.4', null, 'vip interface', 'vip_vas-prod_tcp_25', '2025-06-19 15:24:50.455976', null), ('451', '13', '78.141.179.36', '587', '192.168.104.4', null, 'vip interface', 'vip_vas-prod_tcp_587', '2025-06-19 15:24:50.455976', null), ('452', '13', '78.141.179.36', '993', '192.168.104.4', null, 'vip interface', 'vip_vas-prod_tcp_993', '2025-06-19 15:24:50.455976', null), ('453', '13', '78.141.179.36', null, '192.168.104.2', null, 'vip interface', 'vip-vas-gui-prod_udp_514', '2025-06-19 15:24:50.455976', null), ('454', '13', '78.141.179.36', '514', '192.168.104.2', null, 'vip interface', 'vip-vas-gui-prod_tcp_514', '2025-06-19 15:24:50.455976', null), ('455', '13', '78.141.179.43', null, '192.168.104.2', null, 'vip interface', 'vip_vas-prod_udp514', '2025-06-19 15:24:50.455976', null), ('456', '13', '78.141.179.43', '514', '192.168.104.2', null, 'vip interface', 'vip_vas-prod_tcp514', '2025-06-19 15:24:50.455976', null), ('457', '13', '172.27.23.62', '8080', '172.27.23.3', null, 'virtual server', 'DTT_d-infra_lb-sdp-as-prod-8080 backend', '2025-06-19 15:24:50.455976', null), ('458', '13', '172.27.23.62', '8181', '172.27.23.3', null, 'virtual server', 'DTT_d-infra_lb-sdp-as-prod-8181 backend', '2025-06-19 15:24:50.455976', null), ('459', '13', '172.27.11.209', '3799', '172.27.11.211', null, 'virtual server', 'DSR-3799', '2025-06-19 15:24:50.455976', null), ('460', '13', '172.27.23.196', '443', '172.27.23.198', null, 'virtual server', 'ACCS-TT-int-443', '2025-06-19 15:24:50.455976', null), ('461', '13', '172.27.23.196', '3306', '172.27.23.198', null, 'virtual server', 'ACCS-TT-int-3306', '2025-06-19 15:24:50.455976', null), ('462', '13', '172.27.23.62', '8082', '172.27.23.3', null, 'virtual server', 'DTT_d-infra_lb-sdp-as-prod-8082 nodenetwork', '2025-06-19 15:24:50.455976', null), ('463', '13', '172.27.23.62', '8083', '172.27.23.3', null, 'virtual server', 'DTT_d-infra_lb-sdp-as-prod-8083 subscribermanagement', '2025-06-19 15:24:50.455976', null), ('464', '13', '78.141.179.37', '8080', '172.27.37.76', null, 'virtual server', 'LB-alu-hdm-prod-appsrv-8080_from_inet', '2025-06-19 15:24:50.455976', null), ('465', '13', '78.141.179.37', '8081', '172.27.37.76', null, 'virtual server', 'LB-alu-hdm-prod-appsrv-8081_from_inet', '2025-06-19 15:24:50.455976', null), ('466', '13', '78.141.179.42', '8080', '172.27.37.12', null, 'virtual server', 'LB-alu-hdm-test-appsrv-8080_from_inet', '2025-06-19 15:24:50.455976', null), ('467', '13', '78.141.179.42', '8081', '172.27.37.12', null, 'virtual server', 'LB-alu-hdm-test-appsrv-8081_from_inet', '2025-06-19 15:24:50.455976', null), ('468', '13', '78.141.179.32', '8080', '172.27.37.86', null, 'virtual server', 'LB-alu-hdm-preprod-appsrv-8080_from_inet', '2025-06-19 15:24:50.455976', null), ('469', '13', '78.141.179.32', '8081', '172.27.37.86', null, 'virtual server', 'LB-alu-hdm-preprod-appsrv-8081_from_inet', '2025-06-19 15:24:50.455976', null), ('470', '13', '172.27.23.62', '8084', '172.27.23.3', null, 'virtual server', 'DTT_d-infra_lb-sdp-as-prod-8084 sggl', '2025-06-19 15:24:50.455976', null), ('471', '13', '78.141.179.42', '8180', '172.27.37.12', null, 'virtual server', 'LB-alu-hdm-test-appsrv-8180_from_inet', '2025-06-19 15:24:50.455976', null), ('472', '13', '78.141.179.42', '8181', '172.27.37.12', null, 'virtual server', 'LB-alu-hdm-test-appsrv-8181_from_inet', '2025-06-19 15:24:50.455976', null), ('473', '13', '78.141.179.42', '9190', '172.27.37.12', null, 'virtual server', 'LB-alu-hdm-test-appsrv-9190_from_inet', '2025-06-19 15:24:50.455976', null), ('474', '13', '78.141.179.42', '9191', '172.27.37.12', null, 'virtual server', 'LB-alu-hdm-test-appsrv-9191_from_inet', '2025-06-19 15:24:50.455976', null), ('475', '13', '78.141.179.32', '8180', '172.27.37.86', null, 'virtual server', 'LB-alu-hdm-preprod-appsrv-8180_from_inet', '2025-06-19 15:24:50.455976', null), ('476', '13', '78.141.179.32', '8181', '172.27.37.86', null, 'virtual server', 'LB-alu-hdm-preprod-appsrv-8181_from_inet', '2025-06-19 15:24:50.455976', null), ('477', '13', '78.141.179.32', '9190', '172.27.37.86', null, 'virtual server', 'LB-alu-hdm-preprod-appsrv-9190_from_inet', '2025-06-19 15:24:50.455976', null), ('478', '13', '78.141.179.32', '9191', '172.27.37.86', null, 'virtual server', 'LB-alu-hdm-preprod-appsrv-9191_from_inet', '2025-06-19 15:24:50.455976', null), ('479', '13', '78.141.179.37', '8180', '172.27.37.76', null, 'virtual server', 'LB-alu-hdm-prod-appsrv-8180_from_inet', '2025-06-19 15:24:50.455976', null), ('480', '13', '78.141.179.37', '9190', '172.27.37.76', null, 'virtual server', 'LB-alu-hdm-prod-appsrv-9190_from_inet', '2025-06-19 15:24:50.455976', null), ('481', '13', '78.141.179.37', '8181', '172.27.37.76', null, 'virtual server', 'LB-alu-hdm-prod-appsrv-8181_from_inet', '2025-06-19 15:24:50.455976', null), ('482', '13', '78.141.179.37', '9191', '172.27.37.76', null, 'virtual server', 'LB-alu-hdm-prod-appsrv-9191_from_inet', '2025-06-19 15:24:50.455976', null), ('483', '62', '37.157.154.141', null, '192.168.201.40', null, 'vip interface', 'DIALIN.GIO.lu', '2025-06-19 15:24:50.455976', null), ('484', '62', '37.157.154.140', null, '192.168.201.30', null, 'vip interface', 'MEET.GIO.lu', '2025-06-19 15:24:50.455976', null), ('485', '62', '37.157.154.139', null, '192.168.201.20', null, 'vip interface', 'SIP.GIO.lu', '2025-06-19 15:24:50.455976', null), ('486', '62', '37.157.154.136', '636', '192.168.110.11', null, 'vip interface', 'RP.GIO.lu_636', '2025-06-19 15:24:50.455976', null), ('487', '62', '37.157.154.136', '587', '192.168.110.50', null, 'vip interface', 'RP.GIO.lu_587', '2025-06-19 15:24:50.455976', null), ('488', '62', '37.157.154.131', '443', '192.168.201.70', null, 'vip interface', 'netscaler.gio.lu_443', '2025-06-19 15:24:50.455976', null), ('489', '62', '37.157.154.131', '80', '192.168.201.70', null, 'vip interface', 'netscaler.gio.lu_80', '2025-06-19 15:24:50.455976', null), ('490', '62', '37.157.154.136', '443', '192.168.201.13', null, 'vip interface', 'Mail.INSIEME.lu_443', '2025-06-19 15:24:50.455976', null), ('491', '62', '37.157.154.136', '80', '192.168.201.13', null, 'vip interface', 'Mail.INSIEME.lu_80', '2025-06-19 15:24:50.455976', null), ('492', '62', '37.157.154.138', '443', '192.168.201.13', null, 'vip interface', 'RP.INSIEME.lu_443', '2025-06-19 15:24:50.455976', null), ('493', '62', '37.157.154.138', '80', '192.168.201.13', null, 'vip interface', 'RP.INSIEME.lu_80', '2025-06-19 15:24:50.455976', null), ('494', '62', '37.157.154.137', null, '192.168.201.13', null, 'vip interface', '[OWA-SP-MY].INSIEME.lu', '2025-06-19 15:24:50.455976', null), ('495', '135', '172.31.226.71', null, '172.31.195.71', null, 'vip interface', 'OTASERVER-VIP', '2025-06-19 15:24:50.455976', null), ('496', '135', '172.31.224.17', null, '172.27.14.164', null, 'vip interface', 'monitor-ums-01', '2025-06-19 15:24:50.455976', null), ('497', '135', '172.31.224.18', null, '172.27.14.165', null, 'vip interface', 'monitor-ums-02', '2025-06-19 15:24:50.455976', null), ('498', '135', '172.31.224.11', null, '172.31.195.11', null, 'vip interface', 'monitor-REN02-GEN-01', '2025-06-19 15:24:50.455976', null), ('499', '135', '172.31.224.12', null, '172.31.195.12', null, 'vip interface', 'monitor-REN02-GEN-02', '2025-06-19 15:24:50.455976', null), ('500', '135', '172.31.224.13', null, '172.31.195.13', null, 'vip interface', 'monitor-REN02-GEN-03', '2025-06-19 15:24:50.455976', null), ('501', '135', '172.31.224.14', null, '172.31.195.14', null, 'vip interface', 'monitor-REN02-GEN-04', '2025-06-19 15:24:50.455976', null), ('502', '135', '172.31.225.11', null, '172.31.202.11', null, 'vip interface', 'shrtdat-REN02-PGD-AVL01', '2025-06-19 15:24:50.455976', null), ('503', '135', '172.31.225.12', null, '172.31.202.12', null, 'vip interface', 'shrtdat-REN02-PGD-AVL02', '2025-06-19 15:24:50.455976', null), ('504', '135', '172.31.224.19', null, '172.31.195.21', null, 'vip interface', 'monitor-REN02-DB-05', '2025-06-19 15:24:50.455976', null), ('505', '135', '172.31.224.20', null, '172.31.195.22', null, 'vip interface', 'monitor-REN02-DB-06', '2025-06-19 15:24:50.455976', null), ('506', '135', '172.31.193.124', null, '100.64.130.129', null, 'vip interface', 'VIP-AV-vcloud', '2025-06-19 15:24:50.455976', null), ('507', '135', '172.31.193.126', null, '100.64.131.55', null, 'vip interface', 'VIP-KMS-vcloud', '2025-06-19 15:24:50.455976', null), ('508', '135', '172.31.193.125', null, '100.64.131.65', null, 'vip interface', 'VIP-INFRA-SCCM-CAS.VCLOUD.LU', '2025-06-19 15:24:50.455976', null), ('509', '135', '172.31.193.123', null, '172.29.249.4', null, 'vip interface', 'VIP-MTA-POST', '2025-06-19 15:24:50.455976', null), ('510', '135', '172.31.225.16', null, '172.31.195.13', null, 'vip interface', 'monitor1-REN02-GEN-03', '2025-06-19 15:24:50.455976', null), ('511', '135', '172.31.225.17', null, '172.31.195.14', null, 'vip interface', 'monitor1-REN02-GEN-04', '2025-06-19 15:24:50.455976', null), ('512', '135', '172.31.224.21', null, '172.31.196.22', null, 'vip interface', 'sNAT_REN02-DWH-ELT-T', '2025-06-19 15:24:50.455976', null), ('513', '135', '172.31.224.22', null, '172.31.196.32', null, 'vip interface', 'SNAT-REN02-DWH-ELT-D', '2025-06-19 15:24:50.455976', null), ('514', '135', '172.31.224.23', null, '172.31.196.11', null, 'vip interface', 'SNAT_REN02_MS_DWH', '2025-06-19 15:24:50.455976', null), ('515', '135', '172.31.224.24', null, '172.31.196.12', null, 'vip interface', 'SNAT_REN02_MS2_DWH', '2025-06-19 15:24:50.455976', null), ('516', '135', '172.31.224.25', null, '172.31.232.11', null, 'vip interface', 'OPR-leucr1-02-nat', '2025-06-19 15:24:50.455976', null), ('517', '135', '172.31.224.26', null, '172.31.255.243', null, 'vip interface', 'monitor-REN02-Splunk', '2025-06-19 15:24:50.455976', null), ('518', '135', '172.31.224.27', null, '172.31.248.3', null, 'vip interface', 'monitor-Asstest-Els-01', '2025-06-19 15:24:50.455976', null), ('519', '135', '172.31.224.28', null, '172.31.193.11', null, 'vip interface', 'monitor-REN02-DC-01', '2025-06-19 15:24:50.455976', null), ('520', '135', '172.31.224.29', null, '172.31.193.12', null, 'vip interface', 'monitor-REN02-DC-02', '2025-06-19 15:24:50.455976', null), ('521', '135', '172.31.193.121', null, '100.64.130.128', null, 'vip interface', 'VIP-SME-vcloud', '2025-06-19 15:24:50.455976', null), ('522', '135', '172.31.229.26', null, '172.31.255.243', null, 'vip interface', 'Monitor-REN02-ISI-SPLUNK_VIP', '2025-06-19 15:24:50.455976', null), ('523', '135', '172.31.229.17', null, '172.27.14.164', null, 'vip interface', 'tpprobe.srs.dt.ept.lu', '2025-06-19 15:24:50.455976', null), ('524', '135', '172.31.229.18', null, '172.27.14.165', null, 'vip interface', 'tbprobe.srs.dt.ept.lu', '2025-06-19 15:24:50.455976', null), ('525', '135', '172.31.229.13', null, '172.31.195.13', null, 'vip interface', 'VIP-REN02-GEN-03', '2025-06-19 15:24:50.455976', null), ('526', '135', '172.31.229.14', null, '172.31.195.14', null, 'vip interface', 'VIP-REN02-GEN-04', '2025-06-19 15:24:50.455976', null), ('527', '135', '172.31.224.31', null, '172.31.248.131', null, 'vip interface', 'VIP-PGDTEST-ELS-01-POST', '2025-06-19 15:24:50.455976', null), ('528', '135', '172.31.224.32', null, '172.31.248.140', null, 'vip interface', 'VIP-DIPS-MCADI-01-POST', '2025-06-19 15:24:50.455976', null), ('529', '135', '172.31.226.73', '8080', '172.31.195.73', null, 'vip interface', 'vip-REN02-SLM-01', '2025-06-19 15:24:50.455976', null), ('530', '135', '172.31.224.15', null, '172.31.232.5', null, 'vip interface', 'monitor-REN02-QOE-C-01', '2025-06-19 15:24:50.455976', null), ('531', '135', '172.31.224.16', null, '172.31.232.6', null, 'vip interface', 'monitor-REN02-QOE-C-02', '2025-06-19 15:24:50.455976', null), ('532', '135', '172.31.224.33', null, '172.27.136.39', null, 'vip interface', 'monitor-metustst-n1', '2025-06-19 15:24:50.455976', null), ('533', '135', '172.31.229.33', null, '172.27.136.39', null, 'vip interface', 'monitor-metuststs-n1', '2025-06-19 15:24:50.455976', null), ('534', '135', '172.31.224.30', null, '172.31.193.13', null, 'vip interface', 'monitor-REN02-AD-01', '2025-06-19 15:24:50.455976', null), ('535', '135', '172.31.224.35', null, '172.31.193.14', null, 'vip interface', 'monitor-REN02-AD-02', '2025-06-19 15:24:50.455976', null), ('536', '135', '172.31.160.17', null, '172.27.14.54', null, 'vip interface', 'monitor-ums-01', '2025-06-19 15:24:50.455976', null), ('537', '135', '172.31.160.18', null, '172.27.14.55', null, 'vip interface', 'monitor-ums-02', '2025-06-19 15:24:50.455976', null), ('538', '135', '172.31.160.11', null, '172.31.131.11', null, 'vip interface', 'REN01-GEN-01', '2025-06-19 15:24:50.455976', null), ('539', '135', '172.31.160.12', null, '172.31.131.12', null, 'vip interface', 'REN01-GEN-02', '2025-06-19 15:24:50.455976', null), ('540', '135', '172.31.160.13', null, '172.31.131.13', null, 'vip interface', 'REN01-GEN-03', '2025-06-19 15:24:50.455976', null), ('541', '135', '172.31.160.14', null, '172.31.131.14', null, 'vip interface', 'REN01-GEN-04', '2025-06-19 15:24:50.455976', null), ('542', '135', '172.31.160.15', null, '172.31.170.101', null, 'vip interface', 'REN01-QOE-C-01-VIP', '2025-06-19 15:24:50.455976', null), ('543', '135', '172.31.160.16', null, '172.31.170.102', null, 'vip interface', 'REN01-QOE-C-02-VIP', '2025-06-19 15:24:50.455976', null), ('544', '135', '172.31.129.123', null, '172.29.249.4', null, 'vip interface', 'VIP-MTA-POST', '2025-06-19 15:24:50.455976', null), ('545', '135', '172.31.129.126', null, '100.64.131.55', null, 'vip interface', 'VIP-KMS-vcloud', '2025-06-19 15:24:50.455976', null), ('546', '135', '172.31.160.22', null, '172.31.184.66', null, 'vip interface', 'VIP-ASS-ELS-01', '2025-06-19 15:24:50.455976', null), ('547', '135', '172.31.160.23', null, '172.31.184.98', null, 'vip interface', 'VIP-ASS-ELS-02', '2025-06-19 15:24:50.455976', null), ('548', '135', '172.31.129.124', null, '100.64.130.129', null, 'vip interface', 'VIP-AV-vcloud', '2025-06-19 15:24:50.455976', null), ('549', '135', '172.31.129.125', null, '100.64.131.65', null, 'vip interface', 'VIP-WSUS', '2025-06-19 15:24:50.455976', null), ('550', '135', '172.31.160.26', null, '172.31.190.243', null, 'vip interface', 'VIP-REN01-SPLUNK-FWD01', '2025-06-19 15:24:50.455976', null), ('551', '135', '172.31.165.13', null, '172.31.131.13', null, 'vip interface', 'VIP-REN01-GEN-03', '2025-06-19 15:24:50.455976', null), ('552', '135', '172.31.165.14', null, '172.31.131.14', null, 'vip interface', 'VIP-REN02-GEN-04', '2025-06-19 15:24:50.455976', null), ('553', '135', '172.31.165.17', null, '172.27.14.54', null, 'vip interface', 'VIP-ppprobe.srs.dt.ept.lu-dimetra-interco', '2025-06-19 15:24:50.455976', null), ('554', '135', '172.31.165.18', null, '172.27.14.55', null, 'vip interface', 'VIP-pbprobe.srs.dt.ept.lu-dimetra-interco', '2025-06-19 15:24:50.455976', null), ('555', '135', '172.31.165.26', null, '172.31.190.243', null, 'vip interface', 'Monitor-REN02-SPLUNK_VIP', '2025-06-19 15:24:50.455976', null), ('556', '135', '172.31.160.27', null, '172.31.170.103', null, 'vip interface', 'REN01-SLM-CR-MCADI-01-VIP', '2025-06-19 15:24:50.455976', null), ('557', '135', '172.31.162.73', null, '172.31.131.73', null, 'vip interface', 'REN01-SLM-01-VIP', '2025-06-19 15:24:50.455976', null), ('558', '135', '172.31.160.28', null, '172.31.184.2', null, 'vip interface', 'VIP-PGD-ELS-01', '2025-06-19 15:24:50.455976', null), ('559', '135', '172.31.160.29', null, '172.31.184.34', null, 'vip interface', 'VIP-PGD-ELS-02', '2025-06-19 15:24:50.455976', null), ('560', '135', '172.31.160.130', null, '172.31.186.130', null, 'vip interface', 'VIP-ASS-ELS-03', '2025-06-19 15:24:50.455976', null), ('561', '135', '172.31.165.31', null, '172.27.136.14', null, 'vip interface', 'metus-n3.monitoring.osm.ptech.lu_1', '2025-06-19 15:24:50.455976', null), ('562', '135', '172.31.160.31', null, '172.27.72.63', null, 'vip interface', 'mon-renita.dso.dt.ept.lu_NAT', '2025-06-19 15:24:50.455976', null), ('563', '157', '37.157.157.88', null, '172.27.138.6', null, 'vip interface', 'vip_dns_protect_rce_37.157.157.88', '2025-06-19 15:24:50.455976', null), ('564', '157', '37.157.157.96', null, '172.27.139.6', null, 'vip interface', 'vip_dns_protect_rcs_37.157.157.96', '2025-06-19 15:24:50.455976', null), ('565', '157', '37.157.157.88', null, '172.27.138.6', null, 'vip interface', 'vip_dns_protect_rce_37.157.157.88', '2025-06-19 15:24:50.455976', null), ('566', '157', '37.157.157.96', null, '172.27.139.6', null, 'vip interface', 'vip_dns_protect_rcs_37.157.157.96', '2025-06-19 15:24:50.455976', null);